title,year
"The Income-tax (Amendment) Ordinance, 2026.",2026
"The Supreme Court (Number of Judges) Amendment Ordinance, 2026",2026
"The Manipur Goods and Services (Amendment) Ordinance, 2025",2025
"The Manipur Goods and Services (Second Amendment) Ordinance, 2025",2025
"The Government of National Capital Territory of Delhi (Amendment) Ordinance, 2023",2023
"The Central Vigilance Commission (Amendment) Ordinance, 2021",2021
"The Commission for Air Quality Management in National Capital Region and Adjoining Areas Ordinance, 2021",2021
"The Delhi Special Police Establishment (Amendment) Ordinance, 2021",2021
"The Essential Defence Services Ordinance, 2021",2021
"The Homoeopathy Central Council (Amendment) Ordinance, 2021",2021
"The Indian Medicine Central Council (Amendment) Ordinance, 2021",2021
"The Insolvency and Bankruptcy Code (Amendment) Ordinance, 2021",2021
"The Jammu and Kashmir Reorganisation (Amendment) Ordinance, 2021",2021
"The Narcotic Drugs and Psychotropic Substances (Amendment) Ordinance, 2021",2021
"The Tribunals Reforms (Rationalisation and Conditions of Service) Ordinance, 2021",2021
"The Banking Regulation (Amendment) Ordinance, 2020",2020
"The Epidemic Diseases (Amendment) Ordinance, 2020.",2020
"The Essential Commodities (Amendment) Ordinance, 2020.",2020
"The Farmers (Empowerment and Protection) Agreement on Price Assurance and Farm Services) Ordinance, 2020",2020
"The Farmers’ Produce Trade and Commerce (Promotion and Facilitation) Ordinance, 2020",2020
"The Homoeopathy Central Council (Amendment) Ordinance, 2020.",2020
"The Indian Medicine Central Council (Amendment) Ordinance, 2020.",2020
"The Insolvency and Bankruptcy Code (Amendment) Ordinance, 2020.",2020
"The Mineral Laws (Amendment) Ordinance, 2020.",2020
"The Salaries and Allowances of Ministers (Amendment) Ordinance, 2020.",2020
"The Salary, Allowances and Pension of Members of Parliament (Amendment) Ordinance, 2020.",2020
"The Taxation and Other Laws (Relaxation of Certain Provision) Ordinance, 2020.",2020
"The Aadhaar and Other Laws (Amendment) Ordinance, 2019",2019
"The Banning of Unregulated Deposit Schemes Ordinance, 2019",2019
"The Central Educational Institutions (Reservation in Teachers’ Cadre) Ordinance, 2019",2019
"The Companies (Amendment) Ordinance, 2019",2019
"The Companies (Amendment) Second Ordinance, 2019",2019
"The Homoeopathy Central Council (Amendment) Ordinance, 2019",2019
"The Indian Medical Council (Amendment) Ordinance, 2019",2019
"The Indian Medical Council (Amendment) Second Ordinance, 2019",2019
"The Insolvency and Bankruptcy Code (Amendment) Ordinance, 2019",2019
"The Jammu and Kashmir Reservation (Amendment) Ordinance, 2019",2019
"The Muslim Women (Protection of Right on Marriage) Ordinance, 2019",2019
"The Muslim Women (Protection of Right on Marriage) second Ordinance, 2019",2019
"The New Delhi International Arbitration Centre Ordinance, 2019",2019
"The Prohibition of Electronic Cigarettes) Production, Manufacture, Import, Export, Transport, Sale, Distribution, Storage and Advertisement) Ordinance, 2019",2019
"The Special Economic Zones (Amendment) Ordinance, 2019",2019
"The Taxation Laws (Amendment) Ordinance, 2019",2019
"The Commercial Courts, Commercial Division and Commercial Appellate Division of High Courts (Amendment) Ordinance, 2018",2018
"The Companies (Amendment) Ordinance, 2018",2018
"The Criminal Law (Amendment) Ordinance, 2018",2018
"The Fugitive Economic Offenders Ordinance, 2018",2018
"The Homeopathy Central Council (Amendment) Ordinance, 2018",2018
"The Indian Medical Council (Amendment) Ordinance, 2018",2018
"The Insolvency and Bankruptcy Code (Amendment) Ordinance, 2018",2018
"The Muslim Women (Protection of Rights on Marriage) Ordinance, 2018",2018
"The National Sports University Ordinance, 2018",2018
"The Banking Regulation (Amendment) Ordinance, 2017",2017
"The Central Goods and Services Tax (Extension to Jammu and Kashmir) Ordinance, 2017",2017
"The Goods and Services Tax (Compensation to States) Amendment Ordinance, 2017",2017
"The Indian Forest (Amendment) Ordinance, 2017",2017
"The Insolvency and Bankruptcy Code (Amendment) Ordinance, 2017",2017
"The Integrated Goods and Services Tax (Extension to Jammu and Kashmir) Ordinance, 2017",2017
"The Punjab Municipal Corporation Law (Extension to Chandigarh) Ordinance, 2017",2017
"The Dentists (Amendment) Ordinance, 2016.",2016
"The Enemy Property (Amendment and Validation) Fifth Ordinance, 2016.",2016
"The Enemy Property (Amendment and Validation) Fourth Ordinance, 2016.",2016
"The Enemy Property (Amendment and Validation) Ordinance, 2016.",2016
"The Enemy Property (Amendment and Validation) Second Ordinance, 2016.",2016
"The Enemy Property (Amendment and Validation) Third Ordinance, 2016.",2016
"The Indian Medical Council (Amendment) Ordinance, 2016",2016
"The Payment of Wages (Amendment) Ordinance, 2016 (9 of 2016)",2016
"The Specified Bank Notes (Cessation of Liabilities) Ordinance, 2016",2016
"The Uttarakhand Appropriation (Vote on Account) Ordinance, 2016.",2016
"The Arbitration and Conciliation (Amendment) Ordinance, 2015",2015
"The Citizenship (Amendment) Ordinance, 2015",2015
"The Commercial Courts, Commercial Division and Commercial Appellate Division of High Courts Ordinance, 2015",2015
"The Mines and Minerals (Development and Regulation) Amendment Ordinance, 2015.",2015
"The Motor Vehicles (Amendment) Ordinance, 2015",2015
"The Negotiable Instruments (Amendment) Ordinance, 2015.",2015
"The Negotiable Instruments (Amendment) Second Ordinance, 2015",2015
"The Right to Fair Compensation and Transparency in Land Acquisition, Rehabilitation and Resettlement (Amendment) Ordinance, 2015",2015
"The Right to Fair Compensation and Transparency in Land Acquisition, Rehabilitation and Resettlement (Amendment) Second Ordinance, 2015.",2015
"The Andhra Pradesh Reorganisation (Amendment) Ordinance, 2014",2014
"The Coal Mines (Special Provisions) Ordinance, 2014",2014
"The Coal Mines (Special Provisions) Second Ordinance, 2014",2014
"The Insurance Laws (Amendment) Ordinance, 2014",2014
"The Right to Fair Compensation and Transparency in Land Acquisition, Rehabilitation and Resettlement (Amendment) Ordinance, 2014",2014
"The Scheduled Castes and the Scheduled Tribes (Prevention of Atrocities) Amendment Ordinance, 2014",2014
"The Securities Laws (Amendment) Ordinance, 2014",2014
"The Telecom Regulatory Authority of India (Amendment) Ordinance, 2014",2014
"The Textile Undertakings (Nationalisation) Laws (Amendment and Validation) Ordinance, 2014",2014
"The Criminal Law (Amendment) Ordinance, 2013",2013
"The Indian Medical Council (Amendment) Ordinance, 2013",2013
"The Indian Medical Council (Amendment) Second Ordinance, 2013",2013
"The National Food Security Ordinance, 2013",2013
"The Readjustment of Representation of Scheduled Castes and Scheduled Tribes in Parliamentary and Assembly Constituencies (Second) Ordinance, 2013",2013
"The Readjustment of Representation of Scheduled Castes and Scheduled Tribes in Parliamentary and Assembly Constituencies (Third) Ordinance, 2013",2013
"The Readjustment of Representation of Scheduled Castes and Scheduled Tribes in Parliamentary and Assembly Constituencies Ordinance, 2013",2013
"The Securities Laws (Amendment) Ordinance, 2013",2013
"The Securities Laws (Amendment) Second Ordinance, 2013",2013
"The Securities and Exchange Board of India (Amendment) Ordinance, 2013",2013
"The Securities and Exchange Board of India (Amendment) Second Ordinance, 2013",2013
"The All-India Institute of Medical Sciences (Amendment) Ordinance, 2012",2012
"The Cable Television Networks (Regulation) Amendment Ordinance, 2011",2011
"The Indian Institute of Information, Technology Design and Manufacturing, Kancheepuram Ordinance, 2011",2011
"The Indian Medical Council (Amendment) Ordinance, 2011",2011
"The Ancient Monuments and Archaeological Sites and Remains (Amendment and Validation) Ordinance, 2010",2010
"The Enemy Property (Amendment and Validation) Ordinance, 2010",2010
"The Indian Medical Council (Amendment) Ordinance, 2010",2010
"The Securities and Insurance Laws (Amendment) Ordinance, 2010",2010
"The Central Industrial Security Force (Amendment) Ordinance, 2009",2009
"The Central Universities (Amendment) Ordinance, 2009",2009
"The Central Universities Ordinance, 2009",2009
"The Competition (Amendment) Ordinance, 2009",2009
"The Essential Commodities (Amendment and Validation) Ordinance, 2009",2009
"The High Court and Supreme Court Judges (Salaries and Conditions of service) Amendment Ordinance, 2009.",2009
"The Jharkhand Contingency Fund (Amendment) Ordinance, 2009",2009
"The Meghalaya Appropriation (Vote on Account) Ordinance, 2009",2009
"The Meghalaya Appropriation Ordinance, 2009",2009
"The Agricultural and Processed Food Products Export Development Authority (Amendment) Ordinance, 2008",2008
"The Delimitation (Amendment) Ordinance, 2008",2008
"The Employee’s State Insurance (Amendment) Ordinance, 2008",2008
"The Food Safety and Standards (Amendment) Ordinance, 2008",2008
"The Forward Contracts (Regulation) Amendment Ordinance, 2008",2008
"The Prasar Bharati (Broadcasting Corporation of India) Amendment Ordinance, 2008",2008
"The Railways (Amendment) Ordinance, 2008",2008
"The Sugar Development Fund (Amendments) Ordinance, 2008",2008
"The Banking Regulation (Amendment) Ordinances, 2007",2007
"The National Capital Territory of Delhi Law (Special Provisions) Ordinance, 2007",2007
"The National Capital Territory of Delhi Laws (Special Provisions) Second Ordinance, 2007",2007
"The National Institute of Pharmaceutical Education and Research (Amendment) Ordinance, 2007",2007
"The National Tax Tribunal (Amendment) Ordinance, 2007",2007
"The Payment of Bonus (Amendment) Ordinance, 2007",2007
"The Sports Broadcasting Signals (Mandatory Sharing with Prasar Bharati) Ordinance, 2007",2007
"The State Bank of India (Amendment) Ordinance, 2007",2007
"The Indian Telegraph (Amendment) Ordinance, 2006",2006
"The National Commission for Minority Educational Institutions (Amendment) Ordinance, 2006",2006
"The National Council for Teacher Education (Amendment and Validation) Ordinance, 2006",2006
"The Central Excise Laws (Amendment and Validation) Ordinance, 2005",2005
"The Citizenship (Amendment) Ordinance, 2005",2005
"The Manipur University Ordinance, 2005",2005
"The Taxation Laws (Amendment) Ordinance, 2005",2005
"The Banking Regulation (Amendment) and Miscellaneous Provisions Ordinance, 2004",2004
"The Enforcement of Security Interest and Recovery of Debts Laws (Amendment) Ordinance, 2004",2004
"The National Commission for Minority Educational Institutions Ordinance, 2004",2004
"The Patents (Amendment) Ordinance, 2004",2004
"The Pension Fund Regulatory and Development Authority Ordinance, 2004",2004
"The Prevention of Terrorism (Repeal) Ordinance, 2004",2004
"The Securities Laws (Amendment) Ordinance, 2004",2004
"The Unlawful Activities (Prevention) Amendment Ordinance, 2004",2004
"The Customs Tariff (Amendment) Ordinance, 2003",2003
"The Delimitation (Amendment) Ordinance, 2003",2003
"The Indian Medicine Central Council (Amendment) Ordinance, 2003",2003
"The Indian Telegraph (Amendment) Ordinance, 2003",2003
"The National Tax Tribunal Ordinance, 2003",2003
"The Prevention of Terrorism (Amendment) Ordinance, 2003",2003
"The Representation of the People (Amendment) Ordinance, 2003",2003
"The Taxation Laws (Amendment) Ordinance, 2003",2003
"The Central Excise Tariff (Amendment) Ordinance, 2002.",2002
"The Delhi Metro Railway (Operation and Maintenance) Ordinance, 2002.",2002
"The Representation of the People (Amendment) Ordinance, 2002.",2002
"The Securities and Exchange Board of India (Amendment) Ordinance, 2002.",2002
"The Securitisation and Reconstruction of Financial Assets and Enforcement of Security Interest (Second) Ordinance, 2002.",2002
"The Securitisation and Reconstruction of Financial Assets and Enforcement of Security Interest Ordinance, 2002.",2002
"The Unit Trust of India (Transfer of Undertaking and Repeal) Ordinance, 2002",2002
"The Companies (Amendment) Ordinance, 2001",2001
"The Food Corporations (Amendment) Ordinance, 2001",2001
"The Indian Council of World Affairs (Second) Ordinance, 2001",2001
"The Indian Council of World Affairs Ordinance, 2001",2001
"The Institute of Technology (Amendment) Ordinance, 2001",2001
"The Live-Stock Importation (Amendment) Ordinance, 2001",2001
"The Passports (Amendment) Ordinance, 2001",2001
"The Passports (Amendment) Second Ordinance, 2001",2001
"The Prevention of Terrorism (Second) Ordinance, 2001",2001
"The Prevention of Terrorism Ordinance, 2001",2001
"The Taxation Laws (Amendment) Ordinance, 2001",2001
"The Central Road Fund Ordinance, 2000",2000
"The Indian Council of World Affairs Ordinance, 2000",2000
"The National Bank for Agriculture and Rural Development (Amendment) Ordinance,2000",2000
"The Telecom Regulatory Authority of India (Amendment) Ordinance, 2000",2000
"The Central Vigilance Commission Ordinance, 1999",1999
"The Patents (Amendment) Ordinance, 1999.",1999
"The Prasar Bharati (Broadcasting Corporation of India) Amendment Ordinance, 1999.",1999
"The Salaries, Allowances and Pension of Members of Parliament (Amendment)Ordinance, 1999",1999
"The Special Protection Group (Amendment) Ordinance, 1999",1999
"The Urban Land (Ceiling and Regulation) Repeal Ordinance, 1999",1999
"The Central Vigilance Commission (Amendment) Ordinance, 1998.",1998
"The Central Vigilance Commission Ordinance, 1998",1998
"The Contingency Fund of India (Amendment) Ordinance, 1998",1998
"The Electricity Regulatory Commissions Ordinance, 1998",1998
"The Employees' Provident Funds and Miscellaneous Provisions (Amendment)Ordinance, 1998",1998
"The Essential Commodities (Amendment) Ordinance, 1998.",1998
"The Finance (Amendment) Ordinance, 1998.",1998
"The High Court and Supreme Court Judges (Conditions of Service) AmendmentOrdinance, 1998.",1998
"The Lotteries (Regulation) Ordinance, 1998",1998
"The Merchant Shipping (Amendment) Ordinance, 1998",1998
"The National Institute of Pharmaceutical Education and Research (Second)Ordinance, 1998",1998
"The National Institute of Pharmaceutical Education and Research Ordinance, 1998.",1998
"The Oilfields (Regulation and Development) Amendment Ordinance, 1998.",1998
"The Payment of Gratuity (Amendment) Ordinance, 1998",1998
"The Prasar Bharati (Broadcasting Corporation of India) Amendment Ordinance, 1998",1998
"The Representation of the People (Amendment) Ordinance, 1998.",1998
"The Constitution (Scheduled Tribes) Order (Amendment) Ordinance, 1997.",1997
"The Contingency Fund of India (Amendment) Ordinance, 1997.",1997
"The Electricity Laws (Amendment) Ordinance, 1997",1997
"The Employees' Provident Funds and Miscellaneous Provisions (Amendment)Ordinance, 1997",1997
"The Employees’ Provident Funds and Miscellaneous Provisions (Amendment)Second Ordinance, 1997.",1997
"The Essential Commodities (Special Provisions) Ordinance, 1997.",1997
"The Finance (Second Amendment) Ordinance, 1997.",1997
"The Finance Act (Amendment) Ordinance, 1997.",1997
"The Income-tax (Amendment) Second Ordinance, 1997.",1997
"The Industrial Reconstruction Bank (Transfer of Undertakings and Repeal)Ordinance, 1997",1997
"The Lalit Kala Akadami(Taking Over of Management) Ordinance, 1997.",1997
"The Lotteries (Regulation) Ordinance, 1997.",1997
"The Lotteries (Regulation) Second Ordinance, 1997",1997
"The Merchant Shipping (Amendment) Ordinance, 1997.",1997
"The National Environment Appellate Authority Ordinance, 1997.",1997
"The National Highways Laws (Amendment) Ordinance, 1997",1997
"The Payment of Gratuity (Amendment) Ordinance, 1997",1997
"The Payment of Gratuity (Amendment) Second Ordinance, 1997.",1997
"The Port Laws (Amendment) Ordinance, 1997.",1997
"The Prasar Bharati (Broadcasting Corporation of India) Amendment Ordinance, 1997.",1997
"The Presidential and Vice-Presidential Elections (Amendment) Ordinance, 1997.",1997
"The Representation of the People (Amendment) Ordinance, 1997.",1997
"The Reserve Bank of India (Amendment) Ordinance, 1997.",1997
"The Special Court (Trial of Offences Relating to Transaction in Securities) Amendment Ordinance, 1997",1997
"The Sugar Export Promotion (Repeal) Ordinance, 1997",1997
"The Telecom Regulatory Authority of India Ordinance, 1997.",1997
"The Arbitration and Conciliation Ordinance, 1996.",1996
"The Arbitrations and Conciliation (Third) Ordinance, 1996",1996
"The Building and Other Construction Workers (Regulation of Employmentand Conditions of Service) Second Ordinance, 1996.",1996
"The Building and other Construction Workers' Welfare Cess Second Ordinance, 1996",1996
"The Coal Mines Provident Fund and Miscellaneous Provisions (Amendment)Ordinance, 1996.",1996
"The Coal and Mines Provident Fund and Miscellaneous Provisions (Amendment)Ordinance, 1996",1996
"The Constitution (Scheduled Tribes) Order (Amendment) Ordinance, 1996.",1996
"The Constitution (Scheduled Tribes) Order (Amendment) Second Ordinance, 1996",1996
"The Constitution (Scheduled Tribes) Order (Amendment) Third Ordinance, 1996",1996
"The Depositories (Second) Ordinance, 1996.",1996
"The Depositories (Third) Ordinance, 1996.",1996
"The Depositories Ordinance, 1996.",1996
"The Employees Provident Funds and Miscellaneous Provisions (Amendment) Ordinance, '1996.",1996
"The Employees’ Provident Funds and Miscellaneous Provisions (Amendment)Second Ordinance, 1996.",1996
"The Employees’ Provident Funds and Miscellaneous Provisions (Amendment)Third Ordinance, 1996",1996
"The Income-tax (Amendment) Ordinance, 1996.",1996
"The Representation of the People (Amendment) Ordinance, 1996",1996
"The Supreme Court and High Court Judges (Conditions of Service) Amendment Second Ordinance, 1996",1996
"The Supreme Court and High Court Judges (Conditions of Service) AmendmentOrdinance, 1996",1996
"The Telecom Regulatory Authority of India (Second) Ordinance, 1996",1996
"The Telecom Regulatory Authority of India Ordinance, 1996.",1996
"The building and other Construction Workers (Regulation of Employment and Conditions of Service) Ordinance, 1996.",1996
"The building and other Construction Workers' Welfare Cess Ordinance, 1996.",1996
"The Additional Duties of Excise (Goods of Special Importance) AmendmentOrdinance, 1995",1995
"The Building and other Construction Workers (Regulation of Employmentand Conditions of Service) Ordinance, 1995",1995
"The Employees' Provident Funds and Miscellaneous Provisions (Amendment)Ordinance, 1995.",1995
"The Industrial Disputes (Amendment) Ordinance, 1995",1995
"The Union Duties of Excise (Distribution) Amendment Ordinance, 1995.",1995
"The building and other Construction Workers' Welfare Cess Ordinance, 1995",1995
"The Air Corporations (Transfer of Under Takings and Repeal) Ordinance, 1994",1994
"The Banking Regulation (Amendment) Ordinance, 1994",1994
"The Cable Television Network (Regulation) Ordinance, 1994.",1994
"The Coffee (Amendment) Ordinance, 1994",1994
"The Contingency Fund of India (Amendment) Ordinance, 1994",1994
"The Industrial Development Bank of India (Amendment) Ordinance, 1994.",1994
"The Manipur Municipalities Ordinance, 1994",1994
The Mines and Minerals (Regulation and Development) Amendment,1994
"The Patents (Amendment) Ordinance, 1994.",1994
"The Special Court (Trial of Offences Relating to Transactions inSecurities)Amendment Ordinance, 1994.",1994
"The Special Protection Group (Amendment) Ordinance, 1994",1994
"The Acquisition of Certain Area at Ayodhya Ordinance, 1993.",1993
"The Chief Election Commissioner and other Election Commissioners (Conditions of Service) Amendment Ordinance, 1993",1993
"The Conservation of Foreign Exchange and Prevention of Smuggling Activities(Amendment) Ordinance, 1993.",1993
"The Consumer Protection (Amendment) Ordinance, 1993.",1993
"The Dentists (Amendment) Ordinance, 1993",1993
"The Essential Commodities (Special Provisions) Amendment Ordinance, 1993.",1993
"The Foreign Exchange Regulation (Amendment) Ordinance, 1993.",1993
"The Gold Bonds (Immunities and Exemptions) Ordinance, 1993",1993
"The Himachal Pradesh Electricity (Duty) Amendment Ordinance, 1993,",1993
"The Himachal Pradesh Tax on Luxuries (in Hotels and Lodging Houses) Amendment Ordinance, 1993.",1993
"The Indian Medical Council (Amendment) Ordinance, 1993.",1993
"The Industrial Finance Corporation (Transfer of Undertaking and Repeal) Ordinance, 1993",1993
"The Interest on Delayed Payments to Small Scale and Ancillary Industrial Undertakings Ordinance, 1993",1993
"The Kalakshetra Foundation Ordinance, 1993",1993
"The Madhya Pradesh Adhyaksha Tatha Upadhyaksha Tatha New Pratipaksha(Vetan Tatha Bhatta) Laws (Amendment) Ordinance, 1993",1993
"The Madhya Pradesh Lottery Pratibandh Ordinance, 1993.",1993
"The Madhya Pradesh Motoryan Karadhan (Amendment) Ordinance, 1993.",1993
"The Motor Vehicles (Uttar Pradesh Amendment) Ordinance, 1993.",1993
"The Multimodal Transportation of Goods Ordinance, 1993",1993
"The National Commission for Backward Classes Ordinance, 1993",1993
"The National Thermal Power Corporation Limited, the National HydroelectricPower Corporation Limited and the North-Eastern Electric Power CorporaLimited (Acquisition and Transfer of Power Transmission Systems) Ordinance1993",1993
"The Oil and Natural Gas Commission (Transfer of Undertaking and Repeal)Ordinance, 1993.",1993
"The Oilfield (Regulation and Development) Amendment Ordinance, 1993",1993
"The Parliament (Prevention of Disqualification) Amendment Ordinance, 1993",1993
"The Prevention of Illicit Traffic in Narcotic Drugs and Psychotropic Substances (Amendment) Ordinance, 1993.",1993
"The Protection of Human Rights Ordinance, 1993",1993
"The Recovery of Debts Due to Banks and Financial Institutions Ordinance,1993",1993
"The State Bank of India (Amendment) Ordinance, 1993.",1993
"The Uttar Pradesh Co-operative Societies (Amendment) Ordinance, 1993.",1993
"The Uttar Pradesh Krishsi Utpadan Mandi Samitis (Alpakalik Vyawastba) Amendment Ordinance, 1993",1993
"The Uttar Pradesh Subordinate Services Selection Commission (Amendment)Ordinance, 1993.",1993
"The Wild Lie (Protection) Amendment Ordinance, 1993.",1993
"The Capital Issues (Control) Repeal Ordinance, 1992.",1992
"The Cess and other Taxes on Minerals (Validation) Ordinance, 1992.",1992
"The Delhi Development (Amendment) Ordinance, 1992.",1992
"The Dentists (Amendment) Ordinance, 1992.",1992
"The Destructive Insects and Pests (Amendment and Validation) Ordinance, 1992.",1992
"The Essential Commodities (Special Provisions) Amendment Ordinance, 1992",1992
"The Foreign Exchange Conservation (Travel) TaxAbolition, ordinance, 1992.",1992
"The Foreign Trade (Development and Regulation) Ordinance, 1992",1992
"The Indian Medical Council (Amendment) Ordinance, 1992.",1992
"The Indian Red Cross Society (Amendment) Ordinance, 1992.",1992
"The Industrial Finance Corporation (Transfer of Undertaking and Repeal Ordinance, 1992",1992
"The Multimodal Transportation of Goods Ordinance, 1992.",1992
"The National Highway (Amendment) Ordinance, 1992",1992
"The Public Liability Insurance (Amendment) Ordinance, 1992",1992
"The Rajasthan Municipalities (Amendment) Ordinance, 1992.",1992
"The Representation of the People (Amendment) Ordinance, 1992",1992
"The Representation of the People (Second Amendment) Ordinance, 1992",1992
"The Securities and Exchange Board of India Ordinance, 1992",1992
"The Special Court (Trial of Offences Relating to Transactions in Securities) Ordinance, 1992.",1992
"The Wild Life (Protection) Amendment Ordinance, 1992.",1992
"The Code of Criminal Procedure (Amendment) Ordinance, 1991",1991
"The Constitution (Scheduled Tribes) Orders (Amendment) Ordinance, 1991.",1991
"The Copyright (Amendment) Ordinance, 1991.",1991
"The Delhi Municipal Laws (Amendment) Ordinance, 1991.",1991
"The Representation of the People (Amendment) Ordinance, 1991",1991
"The Terrorist and Disruptive Activities (Prevention) Amendment Ordinance, 1991.",1991
"The Armed Forces (Jammu and Kashmir) Special Powers Ordinance, 1990",1990
"The Code of Criminal Procedure (Amendment) Ordinance, 1990.",1990
"The Conservation of Foreign Exchange and Prevention of Smuggling Activities (Amendment) Ordinance, 1990.",1990
"The Finance (Amendment) Ordinance, 1990",1990
"The Finance (Second Amendment) Ordinance, 1990",1990
"The Indian Council of World Affairs Ordinance, 1990",1990
"The Prevention of illicit Traffic in Narcotic Drugs and Psychologic Substances (Amendment) Ordinance, 1990.",1990
"The Ram Janma Bhumi-Babri Masjid (Acquisition of Area) Ordinance, 1990",1990
"The Ram Janma Bhumi-Babri Masjid (Acquisition of Area) Withdrawal Ordinance, 1990",1990
"The Reserve Bank of India (Amendment) Ordinance, 1990.",1990
"The Income-Tax (Amendment) Ordinance, 1989",1989
"The Representation of the People (Amendment) Ordinance, 1989",1989
"The Arms(Amendment) Ordinance, 1988.",1988
"The Benami Transactions (Prohibition of the Right to Recover Property) Ordinance, 1988.",1988
"The Bharat Petroleum Corporation Limited (Determination of Conditions of Service of Employees) Ordinance, 1988.",1988
"The Major Port Trusts (Amendment) Ordinance, 1988.",1988
"The National Security (Amendment) Ordinance, 1988.",1988
"The Prevention of Illicit Traffic in Narcotic Drugs and Psychologic Substances Ordinance, 1988.",1988
"The Religious Institutions (Prevention of Misuse) Ordinance, 1988.",1988
"The Auroville (Emergency Provisions) Amendment Ordinance, 1987.",1987
"The Conservation of Foreign Exchange and Prevention of Smuggling Activities (Amendment) Ordinance, 1987",1987
"The Constitution (Scheduled Tribes) Order (Amendment) Ordinance, 1987",1987
"The Delhi Administration (Amendment) Ordinance, 1987.",1987
"The Delhi Municipal Corporation (Amendment) Ordinance, 1987",1987
"The Delhi Municipal Corporation (Second Amendment) Ordinance, 1987.",1987
"The Finance (Amendment) Ordinance, 1987",1987
"The National Security (Amendment) Ordinance, 1987.",1987
"The Representation of the People (Amendment) Ordinance, 1987.",1987
"The Terrorist and Disruptive Activities (Prevention) Ordinance, 1987.",1987
"The Administrative Tribunals (Amendment) Ordinance, 1986.",1986
"The Coal Mines Nationalisation Laws (Amendment) Ordinance, 1986.",1986
"The Commissions of Inquiry (Amendment) Ordinance, 1986",1986
"The Contract Labour (Regulation and Abolition) Amendment Ordinance, 1986",1986
"The Motor Vehicles (Amendment) Ordinance, 1986",1986
"The Ravi and Beas Waters Tribunal Ordinance, 1986.",1986
"The State of Mizoram (Amendment) Ordinance, 1986.",1986
"The Swadeshi Cotton Mills Company Limited (Acquisition and Transfer ofUndertakings) Ordinance, 19 86.",1986
"The Aircraft (Amendment) Ordinance, 1985.",1985
"The Bhopal Gas Leak Disaster (Processing of Clause) Ordinance, 1985.",1985
"The Payment of Bonus (Amendment) Ordinance, 1985.",1985
"The Payment of Bonus (Second Amendment) Ordinance, 1985.",1985
"The Representation of the People (Amendment) Ordinance, 1985.",1985
"The Tea Companies (Acquisition and Transfer of Sick Units) Ordinance, 1985.",1985
"The Terrorist and Disruptive Activities (Prevention) Amendment. Ordinance, 1985.",1985
"The Calcutta Metro Railway (Operation and maintenance) temporary Provision Ordinance, 1984.",1984
"The Conservation of Foreign Exchange and Prevention of Smuggling Activities (Amendment) Ordinance, 1984.",1984
"The Foreign Contribution (Regulation) Amendment Ordinance, 1984.",1984
"The Ganesh Flour Miles (Acquisition and Transfer of Undertakings) Ordinance, 1984.",1984
"The General Insurance Business (Nationalisation) Amendment Ordinance, 1984.",1984
"The Inchek Tyres Limited and National Rubber Manufacturers Limited (Nationalisation) Ordinance, 1984.",1984
The National Capital Region Paining Board Ordinance 1984.,1984
"The National Security (Amendment) Ordinance, 1984.",1984
"The National Security (Second Amendment) Ordinance, 1964.",1984
"The Prevention of Damage to Public Property Ordinance,",1984
"The Representation of the People (Amendment) Ordinance, 1984,",1984
"The Sugar Undertaking (Taking Over of Management) Amendment Ordinance, 1984,",1984
"The Terrorist Affected Areas (Special Courts) Ordinance, 1984.",1984
"The industries (Development and Regulation) Amendment Ordinance, 1984.",1984
"Armed Forces (Punjab and Chandigarh) Special Powers Ordinance, 1983",1983
"Chandigarh Disturbed Areas Ordinance, 1983",1983
"Delhi Administration (Amendment) Ordinance, 1983",1983
"Delhi Municipal Corporation (Amendment) Ordinance,1983",1983
"Illegal Migrants (Determination by Tribunals) Ordinance, 1983",1983
"Punjab Disturbed Areas Ordinance, 1983",1983
"Tea (Amendment) Ordinance, 1983",1983
"Textile Undertakings (Taking over of Management) Ordinance, 1983",1983
"The Special Bearer Bonds (Immunities and Exemptions) Ordinance, 1981.",1981
"The Banking Companies (Acquisition and Transfer of Undertakings) Ordinance, 1980.",1980
"The Code of Criminal Procedure (Assam) Amendment Ordinance, 1980.",1980
"The Essential Services Maintenance (Maharashtra) Ordinance, 1980.",1980
"The Essential Services Maintenance (Orissa) Ordinance, 1980.",1980
"The Hind Cycles Limited and Sen-Raleigh Limited (Nationalisation) Ordinance, 1980.",1980
"The Maruti Limited (Acquisition and Transfer of Undertakings) Ordinance, 1980.",1980
"The Monopolies and Restrictive Trade Practices (Amendment) Ordinance, 1980.",1980
"The National Company Limited (Acquisition and Transfer of Undertakings) Ordinance, 1980.",1980
"The Requisitioning and Acquisition of Immovable Property (Amendment) Ordinance, 1980-",1980
"The Tea (Amendment) Ordinance, 1980-",1980
"Additional Emoluments (Compulsory Deposit) Amendment Ordinance, 1979",1979
"Central Excises and Salt and Additional Duties of Excise (Amendment) Ordinance,1979",1979
"Companies (Amendment) Ordinance, 1979",1979
"Contingency Fund of India Ordinance, 1979",1979
"Government of Union Territories (Amendment) Ordinance, 1979",1979
"Payment of Bonus (Amendment) Ordinance, 1979",1979
"Prevention of Black marketing and Maintenance of Supplies of Essential CommoditiesOrdinance, 1979",1979
"Representation of the People (Amendment) Ordinance, 1979",1979
"Reserve Bank of India (Maintenance of Services) Ordinance, 1979",1979
"Additional Duties of Excise (Textiles and Textile Articles) Ordinance, 1978",1978
"Delhi Police Ordinance, 1978",1978
"High Denomination Bank Notes (Demonetisation) Ordinance, 1978",1978
"Industries (Development and Regulation) Amendment Ordinance, 1978",1978
"Payment of Bonus (Amendment) Ordinance, 1978",1978
"Sugar Undertakings (Taking Over of Management) Ordinance, 1978",1978
"Additional Emoluments (Compulsory Deposit) Amendment Ordinance, 1977",1977
"Advocates (Amendment) Short Ordinance, 1977",1977
"Banking Service Commission (Repeal) Ordinance, 1977",1977
"Delhi Administration (Amendment) Ordinance, 1977",1977
"Disputed Elections (Prime Minister and Speaker) Ordinance, 1977",1977
"Enemy Property (Amendment) Ordinance, 1977",1977
"Government of Union Territories (Amendment) Ordinance, 1977",1977
"Gresham and Craven of India (Private) Limited (Acquisition' and Transfer ofUndertakings) Ordinance, 1977",1977
"Indian Iron and Steel Company (Acquisition of Shares) Amendment Ordinance,1977",1977
"Payment of Bonus (Amendment) Ordinance, 1977",1977
"Petroleum Pipelines (Acquisition of Right of User in Land) Amendment Ordinance, 1977",1977
"Presidential and Vice-Presidential Elections (Amendment) Ordinance, 1977",1977
"Representation of the People (Amendment) Ordinance, 1977",1977
"Requisitioning and Acquisition of Immovable Property (Amendment.) Ordinance, 1977",1977
"Smith, Stanistreet and Company Limited (Acquisition and Transfer of Undertakings)Ordinance, 1977",1977
"Yoga Undertakings (Taking Over of Management) Ordinance, 1977",1977
"Antiquities and Art Treasures (Amendment) Ordinance, 1976",1976
"Caltex [Acquisition of Shares of Caltex Oil Refining (India) Limited and of the Undertakings in India of Caltex (India) Limited] Ordinance, 1976",1976
"Coal Mines (Nationalisation) Amendment Ordinance, 1976",1976
"Comptroller and Auditor-General's (Duties, Powers and Conditions of Service)Amendment Ordinance, 1976",1976
"Departmentalisation of Union Accounts (Transfer of Personnel) Ordinance, 1976",1976
"East Punjab Urban Rent Restriction (Chandigarh Amendment) Ordinance, 1976",1976
"Electricity (Supply) Amendment Ordinance, 1976",1976
"Food Corporations (Amendment) Ordinance, 1976",1976
"Indian Iron and Steel Company (Acquisition of Shares) Ordinance, 1976",1976
"Labour Provident Fund Laws (Amendment) Ordinance, 1976",1976
"Laxmi Rattan and Atherton West Cotton Mills (Taking Over of Management) Ordinance, 1976",1976
"Metal Corporation (Nationalisation and Miscellaneous Provisions) Ordinance, 1976",1976
"Air Force and Army Laws (Amendment) Ordinance, 1975",1975
"Bonded Labour System (Abolition) Ordinance, 1975",1975
"Delhi Land Holdings (Ceiling) Amendment Ordinance, 1975",1975
"Election Laws (Extension to Sikkim) Ordinance, 1975",1975
"Equal Remuneration Ordinance, 1975",1975
"Imports and Exports (Control) Amendment Ordinance, 1975",1975
"Income-tax (Amendment) Ordinance, 1975",1975
"Indian Railways (Amendment) Ordinance, 1975",1975
"Maintenance of Internal Security (Fourth Amendment) Ordinance, 1975",1975
"Maintenance of Internal Security (Second Amendment) Ordinance, 1975",1975
"Maintenance of Internal Security (Third Amendment) Ordinance, 1975",1975
"Motor Vehicles (Amendment) Ordinance, 1975",1975
"North-Eastern Areas (Reorganisation) Amendment Ordinance, 1975",1975
"Payment of Bonus (Amendment) Ordinance, 1975",1975
"Payment of Wages (Amendment) Ordinance, 1975",1975
"Press Council (Repeal) Ordinance, 1975",1975
"Prevention of Publication of Objectionable Matter Ordinance, 1975",1975
"Regional Rural Banks Ordinance, 1975",1975
"Smugglers and Foreign Exchange Manipulators, (Forfeiture of Property) Ordinance, 1975",1975
"The Conservation of Foreign Exchange and Prevention of Smuggling Activities (Second Amendment) Ordinance, 1975",1975
"Trust Laws (Amendment) Ordinance, 1975",1975
"Unit Trust of India (Amendment) Ordinance, 1975",1975
"Voluntary Disclosure Income and Wealth (Amendment) Ordinance, 1975",1975
"Voluntary Disclosure of Income and Wealth Ordinance, 1975",1975
"Additional Emoluments (Compulsory Deposit) Ordinance, 1974",1974
"Alcock Ashdown Company Limited (Acquisition of Undertakings) Amendment Ordinance, 1974",1974
"Companies (Temporary Restrictions on Dividends) Amendment Ordinance, 1974",1974
"Companies (Temporary Restrictions on Dividends) Ordinance, 1974",1974
"Compulsory Deposit Scheme (Income-tax Payers) Ordinance, 1974",1974
"Essential Commodities (Amendment) Ordinance, 1974",1974
"Indian Iron and Steel Company (Taking Over of Management) AmendmentOrdinance, 1974",1974
"Indian Tariff (Amendment) Ordinance, 1974",1974
"Industries (Development and Regulation) Amendment Ordinance, 1974",1974
"Maintenance of Internal Security (Amendment) Ordinance, 1974",1974
"North-Eastern Areas (Reorganisation) (Amendment) Ordinance, 1974",1974
"Press Council (Amendment) Ordinance, 1974",1974
"Press Council (Second Amendment) Ordinance, 1974",1974
"Central Excises and Salt (Amendment) Ordinance, 1973",1973
"Konkan Passenger Ships (Acquisition) Ordinance, 1973",1973
"Press Council (Amendment) Ordinance, 1973",1973
"Administrators General (Amendment) Ordinance, 1972",1972
"Contingency Fund of India (Amendment) Ordinance, 1972",1972
"Delhi University (Amendment) Ordinance, 1972",1972
"Income-tax (Amendment) Ordinance, 1972",1972
"Indian Copper Corporation (Taking Over of Management) Ordinance, 1972",1972
"Indian Iron and Steel Company (Taking Over of Management) Ordinance, 1972",1972
"Payment of Bonus (Amendment) Ordinance, 1972",1972
"Public Wakfs (Extension of Limitation) (Delhi Amendment) Ordinance, 1972",1972
"Sick Textile Undertakings (Taking Over of Management) Ordinance, 1972",1972
"Asian Refractories Limited (Acquisition of Undertaking) Ordinance, 1971",1971
"Bengal Finance (Sales Tax) (Delhi Validation of Appointments and Proceedings) Ordinance, 1971",1971
"Calcutta Tramways Company (Taking over of Management) Amendment Ordinance, 1971",1971
"Coking Coal Mines (Emergency Provisions) Ordinance, 1971",1971
"Delhi Road Transport Laws (Amendment) Ordinance, 1971",1971
"Delhi Sikh Gurdwaras (Management) Ordinance, 1971",1971
"Forward Contracts (Regulation) Amendment Ordinance, 1971",1971
"General Insurance (Emergency Provisions) Ordinance, 1971",1971
"Gold (Control) Amendment Ordinance, 1971",1971
"Industries (Development and Regulation) Amendment Ordinance, 1971",1971
"Inland Air Travel Tax Ordinance, 1971",1971
"Jayanti Shipping Company (Acquisition of Shares) Ordinance, 1971",1971
"Labour Provident Fund Laws (Amendment) Ordinance, 1971",1971
"Maintenance of Internal Security Ordinance, 1971",1971
"Motor Vehicles (Requisitioning and Control) Ordinance, 1971",1971
"Railway Passenger Fares Ordinance, 1971",1971
"Small Coins (Offences) Ordinance, 1971",1971
"Stamp and Excise Duties (Amendment) Ordinance, 1971",1971
"State of Himachal Pradesh (Amendment) Ordinance, 1971",1971
"Tax on Postal Articles Ordinance, 1971",1971
"Visva-Bharati (Amendment) Ordinance, 1971",1971
"West Bengal Security (Tripura Re-enacting) Amendment Ordinance, 1971",1971
"West Bengal Security (Tripura Re-enacting) Second Amendment Ordinance, 1971",1971
"Banking Companies (Acquisition and Transfer of Undertakings) Ordinance, 1970",1970
"Calcutta Port (Amendment) Ordinance, 1970",1970
"Delhi University (Amendment) Ordinance, 1970",1970
"Foreign Exchange Regulation (Amendment) Ordinance, 1970",1970
"Haryana and Punjab Agricultural Universities Ordinance, 1970",1970
"Banaras Hindu University (Amendment) Ordinance, 1969",1969
"Banking Companies (Acquisition and Transfer of Undertakings) Ordinance, 1969",1969
"Central Sales Tax (Amendment) Ordinance, 1969",1969
"Customs (Amendment) Ordinance, 1969",1969
"Essential Commodities (Amendment) Continuance Ordinance, 1969",1969
"Foreign Exchange Regulation (Amendment) Ordinance, 1969",1969
"Gold (Control) (Amendment) Ordinance, 1969",1969
"Indian Railways (Amendment) Ordinance, 1969",1969
"Payment of Bonus (Amendment) Ordinance, 1969",1969
"Press Council (Amendment) Ordinance, 1969",1969
"Advocates (Amendment) Ordinance, 1968",1968
"Delhi Municipal Corporation (Amendment) Ordinance, 1968",1968
"Enemy Property Ordinance, 1968",1968
"Essential Services Maintenance Ordinance, 1968",1968
"Gold (Control) Ordinance, 1968",1968
"Indian Patents and Designs (Amendment) Ordinance, 1968",1968
"Indian Railways (Amendment) Ordinance, 1968",1968
"Jammu and Kashmir Representation of the People (Supplementary) Ordinance, 1968",1968
"Limitation (Amendment) Ordinance, 1968",1968
"Pondicherry Municipal Decree (Amendment) Ordinance, 1968",1968
"Public Wakfs (Extension of Limitation) Amendment Ordinance, 1968",1968
"Public premises (Eviction of Unauthorised Occupants) Amendment Ordinance, 1968",1968
"Requisitioning and Acquisition of Immovable Property (Amendment) Ordinance,1968",1968
"Anti-Corruption Laws (Amendment) Ordinance, 1967",1967
"Court-fees (Delhi Amendment) Ordinance, 1967",1967
"Essential Commodities (Amendment) Ordinance, 1967",1967
"Essential Commodities (Second Amendment) Ordinance, 1967",1967
"Land Acquisition (Amendment and Validation) Ordinance, 1967",1967
"Passports Ordinance, 1967",1967
"Representation of the People (Amendment) Ordinance, 1967",1967
"Taxation Laws (Amendment) Ordinance, 1967",1967
"Advocates (Amendment) Ordinance, 1966",1966
"Companies (Amendment) Ordinance, 1966",1966
"Criminal Law (Amendment) Ordinance, 1966",1966
"Customs (Amendment) Ordinance, 1966",1966
"Delhi Land Reforms (Amendment) Ordinance, 1966",1966
"Essential Commodities (Amendment) Ordinance, 1966",1966
"Essential Commodities (Second Amendment) Ordinance, 1966",1966
"Indian Tariff (Amendment) Ordinance, 1966",1966
"Jayanti Shipping Company (Taking over of Management) Ordinance, 1966",1966
"Merchant Shipping (Amendment) Ordinance, 1966",1966
"Metal Corporation of India (Acquisition of Undertaking) Ordinance, 1966",1966
"Mineral Products (Additional Duties of Excise and Customs) Amendment Ordinance, 1966",1966
"Unlawful Activities (Prevention) Ordinance, 1966",1966
"Aligarh Muslim University (Amendment) Ordinance, 1965",1965
"Income-tax (Amendment) Ordinance, 1965",1965
"Indian Tariff (Amendment) Ordinance, 1965",1965
"Metal Corporation of India (Acquisition of Undertaking) Ordinance, 1965",1965
"Payment of Bonus Ordinance, 1965",1965
"Railways (Employment of Members of the Armed Forces) Ordinance, 1965",1965
"Taxation Laws (Amendment and Miscellaneous Provisions) Ordinance, 196",1965
"Armed Forces (Special Powers) Continuance Ordinance, 1964",1964
"Companies (Amendment) Ordinance, 1964",1964
"Essential Commodities (Amendment) Ordinance, 1964",1964
"Advocates (Amendment) Ordinance, 1962",1962
"Companies (Amendment) Ordinance, 1962",1962
"Defence of India (Amendment) Ordinance, 1962",1962
"Defence of India Ordinance, 1962",1962
"Foreigners Law (Application and Amendment) Ordinance, 1962",1962
"Goa, Daman and Diu (Administration) Ordinance, 1962",1962
"Land Acquisition (Amendment) Ordinance, 1962",1962
"Banking Companies (Amendment) Ordinance, 1961",1961
"Sugar (Regulation of Production) Ordinance, 1961",1961
"U.P. Sugarcane Cess (Validation) Ordinance, 1961",1961
"Essential Services Maintenance Ordinance, 1960",1960
"Indian Income-tax (Amendment) Ordinance, 1959",1959
"Public Wakfs (Extension of Limitation) Ordinance, 1959",1959
"Sugar (Special Excise Duty) Ordinance, 1959",1959
"Armed Forces (Assam and Manipur) Special Powers Ordinance, 1958",1958
"Banaras Hindu University (Amendment) Ordinance, 1958",1958
"Code of Criminal Procedure (Amendment) Ordinance, 1958",1958
"Himachal Pradesh Legislative Assembly (Constitution and Proceedings) Validation Ordinance, 1958",1958
"Mineral Oils (Additional Duties of Excise and Customs) Ordinance, 1958",1958
"Working Journalists (Fixation of Rates of Wages) Ordinance, 1958",1958
"Essential Services Maintenance Ordinance, 1957",1957
"Foreigners Laws (Amendment) Ordinance, 1957",1957
"Industrial Disputes (Amendment) Ordinance, 1957",1957
"Life Insurance Corporation (Amendment) Ordinance, 1957",1957
"Prevention of Corruption (Amendment) Ordinance, 1957",1957
"Reserve Bank of India (Amendment) Ordinance, 1957",1957
"Administration of Evacuee Property (Amendment) Ordinance, 1956",1956
"Displaced Persons (Compensation and Rehabilitation) Amendment Ordinance, 1956",1956
"Life Insurance (Emergency Provisions) Ordinance, 1956",1956
"Madras Terminal Tax on Railway Passengers Ordinance, 1956",1956
"Representation of the People (Amendment) Ordinance, 1956",1956
"Road Transport Corporations (Amendment) Ordinance, 1956",1956
"Sales Tax Laws Validation Ordinance, 1956",1956
"State Bank of Hyderabad Ordinance, 1956",1956
"Travancore-Cochin Appropriation (Vote on Account) Ordinance, 1956",1956
"Abducted Persons (Recovery and Restoration) Continuance Ordinance, 1955",1955
"Delhi (Control of Building Operations) Ordinance, 1955",1955
"Essential Commodities Ordinance, 1955",1955
"Industrial Disputes (Appellate Tribunal) Amendment Ordinance, 1955",1955
"Insurance (Amendment) Ordinance, 1955",1955
"Representation of the People (Amendment) Ordinance, 1955",1955
"State Bank of India (Amendment) Ordinance, 1955",1955
"Air Corporations (Amendment) Ordinance, 1954",1954
"Central Excises and Salt (Amendment) Ordinance, 1954",1954
"Displaced Persons (Claims) Supplementary Ordinance, 1954",1954
"Indian Income-tax (Amendment) Ordinance, 1954",1954
"Industrial Disputes (Banking Companies) Commencement of Decision Ordinance, 1954",1954
"Press (Objectionable Matter) Amendment Ordinance, 1954",1954
"Transfer of Evacuee Deposits Ordinance, 1954",1954
"Uttar Pradesh Terminal Tax on Railway Passengers (Amendment) Ordinance, 1954",1954
"Uttar Pradesh Terminal Tax on Railway Passengers Ordinance, 1954",1954
"Banking Companies (Amendment) Ordinance, 1953",1953
"Barsi Light Railway Company (Transferred Liabilities) Ordinance, 1953",1953
"Dhoties (Additional Excise Duty) Ordinance, 1953",1953
"Employees Provident Funds (Amendment) Ordinance, 1953",1953
"Industrial Disputes (Amendment) Ordinance, 1953",1953
"Rehabilitation Finance Administration (Amendment) Ordinance, 1953",1953
"Sea Customs (Amendment) Ordinance, 1953",1953
"Coal Mines (Conservation and Safety) Ordinance, 1952",1952
"Displaced Persons (Claims) Continuance Ordinance, 1952",1952
"Influx from Pakistan (Control) Repealing Ordinance, 1952",1952
"Requisitioning and Acquisition of Immovable Property Ordinance, 1952",1952
"Saurashtra (Abolition of Local Sea Customs Duties and Imposition of) PortDevelopment Levy Repealing Ordinance, 1952",1952
"Uttar Pradesh Cantonments (Control of Rent and Eviction) Ordinance, 1952",1952
"West Bengal Evacuee Property (Tripura Amendment) Ordinance, 1952",1952
"Abducted Persons (Recovery and Restoration) Amendment Ordinance, 1951",1951
"East Punjab Public Safety (Amendment) Ordinance, 1951",1951
"Essential Services (Prevention of Strikes) Ordinance, 1951",1951
"Foreign Exchange Regulation (Amendment) Ordinance, 1951",1951
"Indian Companies (Amendment) Ordinance, 1951",1951
"Indian-Independence Pakistan Courts (Pending Proceedings) Ordinance, 1951",1951
"Industrial Disputes (Amendment) Ordinance, 1951",1951
"Punjab Requisitioning of Immovable Property (Amendment and Validation)Ordinance, 1951",1951
"Railway Companies (Emergency Provisions) Ordinance, 1951",1951
"Indian Tariff (Amendment) Ordinance, 1950",1950
"The Ajmer Tenancy and Land Records (Amendment) Ordinance, 1950",1950
"The Dentists (extension of Time) Ordinance, 1950",1950
"The Indian Income-Tax (Amendment) Ordinance, 1950",1950
"The Judicial Commissioner's Courts (Declaration as High Courts) Ordinance, 1950",1950
"The Parliament (Prevention of Disqualification) Ordinance, 1950",1950
"The Preventive Detention (Amendment) Ordinance, 1950",1950
"The Representation of the People (Amendment) Ordinance, 1950",1950
"The Salaries of Minister's (Amendment) Ordinance, 1950",1950
"The Supply and Prices of Goods Ordinance, 1950",1950
"The Voluntary Surrender of Salaries (Exemption from Taxation) Ordinance, 1950",1950
