financial_year,source_pdf,s_no,slsa_state,sc,st,women,children,in_custody,disability,industrial_workmen,transgender,trafficking_begar,mass_disaster,general,others,total
2016-2017,202504201584323382.pdf,1,Andaman & Nicobar Islands,0,0,7,0,31,0,0,0,0,0,1,0,39
2016-2017,202504201584323382.pdf,2,Andhra Pradesh,223,99,1387,317,744,22,12,0,0,0,1384,1534,5722
2016-2017,202504201584323382.pdf,3,Arunachal Pradesh,39,277,531,0,186,0,0,0,0,0,139,0,1172
2016-2017,202504201584323382.pdf,4,Assam,99,369,858,80,817,202,0,0,0,243,400,1147,4215
2016-2017,202504201584323382.pdf,5,Bihar,407,161,596,159,6132,221,58,0,1,59,665,952,9411
2016-2017,202504201584323382.pdf,6,Chhattisgarh,5236,6345,3192,1427,8939,75,7,1,27,55,4486,8995,38785
2016-2017,202504201584323382.pdf,7,Dadra & Nagar Haveli,1,0,1,0,4,1,124,0,0,0,0,0,131
2016-2017,202504201584323382.pdf,8,Daman & Diu,0,0,2,3,4,0,0,0,0,0,0,0,9
2016-2017,202504201584323382.pdf,9,Delhi,749,8,9932,5392,10672,59,116,0,0,0,5437,2921,35286
2016-2017,202504201584323382.pdf,10,Goa,10,6,527,15,284,3,0,0,0,0,344,25,1214
2016-2017,202504201584323382.pdf,11,Gujarat,1317,326,3306,101,2680,79,232,2,3,11,3239,734,12030
2016-2017,202504201584323382.pdf,12,Haryana,922,11,5112,153,5528,92,8,0,0,2,2432,1551,15811
2016-2017,202504201584323382.pdf,13,Himachal Pradesh,300,32,1246,16,202,10,4,0,0,0,375,155,2340
2016-2017,202504201584323382.pdf,14,Jammu & Kashmir,403,130,646,136,201,155,465,120,370,0,158,510,3294
2016-2017,202504201584323382.pdf,15,Jharkhand,1371,1655,4073,497,2788,2,2,0,5,1,1797,3816,16007
2016-2017,202504201584323382.pdf,16,Karnataka,4280,2274,8647,350,2883,127,52,4,22,60,10449,10730,39878
2016-2017,202504201584323382.pdf,17,Kerala,2683,801,27382,750,18171,316,30,5,0,150,24570,3163,78021
2016-2017,202504201584323382.pdf,18,Lakshadweep,0,0,0,0,0,0,0,0,0,0,0,0,0
2016-2017,202504201584323382.pdf,19,Madhya Pradesh,6858,5876,10500,4355,22208,12,49,68,0,33,9442,8826,68227
2016-2017,202504201584323382.pdf,20,Maharashtra,408,130,2794,156,2514,36,6,20,0,0,893,735,7692
2016-2017,202504201584323382.pdf,21,Manipur,730,1748,3821,19,611,4,0,10,0,80,1100,2169,10292
2016-2017,202504201584323382.pdf,22,Meghalaya,122,868,371,450,451,1,0,0,0,60,83,4,2410
2016-2017,202504201584323382.pdf,23,Mizoram,0,2727,1064,26,639,0,0,0,0,0,62,223,4741
2016-2017,202504201584323382.pdf,24,Nagaland,261,4430,1726,260,384,0,0,0,0,1040,6,0,8107
2016-2017,202504201584323382.pdf,25,Odisha,390,386,1421,76,560,20,0,0,0,33,561,321,3768
2016-2017,202504201584323382.pdf,26,Puducherry,50,0,284,123,93,1,2,0,0,0,123,53,729
2016-2017,202504201584323382.pdf,27,Punjab,3019,58,5660,272,6670,46,0,0,0,1,4112,1315,21153
2016-2017,202504201584323382.pdf,28,Rajasthan,1937,1889,2239,1282,3678,296,12,0,1,0,1410,2566,15310
2016-2017,202504201584323382.pdf,29,Sikkim,32,79,308,44,499,1,0,0,0,0,40,70,1073
2016-2017,202504201584323382.pdf,30,Tamil Nadu,3007,617,8040,107,4138,81,7,105,0,30,20680,7710,44522
2016-2017,202504201584323382.pdf,31,Telengana,82,39,558,57,941,4,10,0,0,0,711,218,2620
2016-2017,202504201584323382.pdf,32,Tripura,751,357,2048,129,522,0,0,0,0,297,776,92,4972
2016-2017,202504201584323382.pdf,33,U. T. Chandigarh,197,15,541,427,370,149,18,1,0,0,338,75,2131
2016-2017,202504201584323382.pdf,34,Uttar Pradesh,5873,1573,4647,1531,2201,131,553,0,19,21,6786,45032,68367
2016-2017,202504201584323382.pdf,35,Uttarakhand,82,0,377,42,851,29,0,0,0,0,315,209,1905
2016-2017,202504201584323382.pdf,36,West Bengal,1967,779,7206,478,5352,107,174,5,6,3,8084,1144,25305
2017-2018,202504202049899435.pdf,1,Andaman & Nicobar Islands,0,0,20,0,93,0,0,0,0,0,6,0,119
2017-2018,202504202049899435.pdf,2,Andhra Pradesh,229,56,1667,374,992,13,0,111,0,1,1424,3029,7896
2017-2018,202504202049899435.pdf,3,Arunachal Pradesh,101,1417,1265,359,440,1,0,0,0,0,163,14,3760
2017-2018,202504202049899435.pdf,4,Assam,216,342,1329,28,2015,59,2,0,3,2,595,2442,7033
2017-2018,202504202049899435.pdf,5,Bihar,3646,317,8135,405,10225,162,175,0,352,1744,398,11008,36567
2017-2018,202504202049899435.pdf,6,Chhattisgarh,4799,7422,2992,959,10247,8,19,0,3,23,4927,11766,43165
2017-2018,202504202049899435.pdf,7,Dadra & Nagar Haveli,1,1,5,0,0,0,7,0,0,0,1,0,15
2017-2018,202504202049899435.pdf,8,Daman & Diu,0,0,1,0,9,0,6,0,0,0,0,0,16
2017-2018,202504202049899435.pdf,9,Delhi,799,101,11966,2831,15657,120,40,2,0,0,6218,4949,42683
2017-2018,202504202049899435.pdf,10,Goa,8,3,618,12,303,3,0,0,6,2,387,84,1426
2017-2018,202504202049899435.pdf,11,Gujarat,1169,448,3953,316,4043,79,57,2,0,5,3099,6714,19885
2017-2018,202504202049899435.pdf,12,Haryana,600,3,5616,211,7715,47,2,0,0,0,2771,1450,18415
2017-2018,202504202049899435.pdf,13,Himachal Pradesh,400,36,1913,9,135,13,6,0,0,12,640,470,3634
2017-2018,202504202049899435.pdf,14,Jammu & Kashmir,176,56,370,4,68,9,0,0,0,0,427,292,1402
2017-2018,202504202049899435.pdf,15,Jharkhand,8322,15817,18651,1942,3817,869,1300,0,55,0,19742,9089,79604
2017-2018,202504202049899435.pdf,16,Karnataka,4537,2848,10700,346,5781,123,23,1,0,0,9146,20030,53535
2017-2018,202504202049899435.pdf,17,Kerala,4151,1492,33874,1484,21220,1971,2291,10,45,16,24510,6185,97249
2017-2018,202504202049899435.pdf,18,Lakshadweep,112,0,0,0,0,0,0,0,0,0,0,0,112
2017-2018,202504202049899435.pdf,19,Madhya Pradesh,14347,16733,32116,6325,23039,152,394,23,9,183,23601,23159,140081
2017-2018,202504202049899435.pdf,20,Maharashtra,773,338,5674,317,4030,181,25,19,2,0,1734,1126,14219
2017-2018,202504202049899435.pdf,21,Manipur,749,2167,4804,84,453,28,20,7,5,2,716,1173,10208
2017-2018,202504202049899435.pdf,22,Meghalaya,166,1151,1154,314,426,3,0,13,8,2,138,427,3802
2017-2018,202504202049899435.pdf,23,Mizoram,0,4925,1375,30,1620,0,0,0,0,0,106,480,8536
2017-2018,202504202049899435.pdf,24,Nagaland,297,5806,1439,809,596,246,0,0,0,1556,0,0,10749
2017-2018,202504202049899435.pdf,25,Odisha,768,586,2596,42,764,331,1,1,0,1,895,1026,7011
2017-2018,202504202049899435.pdf,26,Puducherry,88,1,348,385,38,0,7,0,0,0,178,131,1176
2017-2018,202504202049899435.pdf,27,Punjab,5866,103,8095,408,8096,118,56,0,49,176,6240,2784,31991
2017-2018,202504202049899435.pdf,28,Rajasthan,2800,2156,3961,2420,5714,484,213,0,0,2,1381,2871,22002
2017-2018,202504202049899435.pdf,29,Sikkim,26,121,356,25,348,0,0,0,0,0,84,22,982
2017-2018,202504202049899435.pdf,30,Tamil Nadu,3613,602,12527,177,3401,52,6,17,0,1,11783,27489,59668
2017-2018,202504202049899435.pdf,31,Telengana,106,32,1080,13,3656,4,0,0,0,0,868,3292,9051
2017-2018,202504202049899435.pdf,32,Tripura,1019,1053,3541,1071,307,237,1,0,0,18,1363,705,9315
2017-2018,202504202049899435.pdf,33,U. T. Chandigarh,131,30,750,328,346,156,0,5,0,0,707,68,2521
2017-2018,202504202049899435.pdf,34,Uttar Pradesh,3880,172,9125,5320,6627,853,2336,0,91,0,9411,8556,46371
2017-2018,202504202049899435.pdf,35,Uttarakhand,138,5,627,28,972,7,1,0,3,0,736,239,2756
2017-2018,202504202049899435.pdf,36,West Bengal,2271,1246,6664,350,4469,91,132,5,12,1,9080,1580,25901
2019-2020,202506121059301255.pdf,1,Andaman & Nicobar Islands,0,0,13,7,23,0,0,0,0,0,0,0,43
2019-2020,202506121059301255.pdf,2,Andhra Pradesh,210,62,680,37,1252,1,4,0,52,1,699,1398,4396
2019-2020,202506121059301255.pdf,3,Arunachal Pradesh,511,1956,992,23,282,1,0,0,0,0,134,33,3932
2019-2020,202506121059301255.pdf,4,Assam,178,164,1877,162,3323,187,3,0,2,0,869,1237,8002
2019-2020,202506121059301255.pdf,5,Bihar,5818,156,8832,978,18335,401,53,0,2,774,4219,20571,60139
2019-2020,202506121059301255.pdf,6,Chhattisgarh,8640,25137,5642,2047,12422,1137,2,1,0,17,10600,16068,81713
2019-2020,202506121059301255.pdf,7,Dadra & Nagar Haveli,1,6,17,0,1,0,0,0,0,0,2,1,28
2019-2020,202506121059301255.pdf,8,Daman & Diu,0,0,0,0,0,0,0,0,0,0,0,0,0
2019-2020,202506121059301255.pdf,9,Delhi,1019,7,17783,1559,18397,160,43,0,0,0,7241,33249,79458
2019-2020,202506121059301255.pdf,10,Goa,13,4,1879,2,311,4,2,0,19,0,475,297,3006
2019-2020,202506121059301255.pdf,11,Gujarat,1726,1375,6848,301,5959,359,33,1,0,3,5385,4897,26887
2019-2020,202506121059301255.pdf,12,Haryana,707,1,6998,174,7101,71,6,0,0,0,2463,1498,19019
2019-2020,202506121059301255.pdf,13,Himachal Pradesh,382,41,2046,71,511,21,1,0,0,33,699,563,4368
2019-2020,202506121059301255.pdf,14,Jammu & Kashmir,773,167,1683,157,213,58,6,1,2,71,948,882,4961
2019-2020,202506121059301255.pdf,15,Jharkhand,2729,2960,9537,704,4183,28,1001,0,1,48,550,8789,30530
2019-2020,202506121059301255.pdf,16,Karnataka,9017,6188,18872,730,8536,98,44,6,14,281,9866,91363,145015
2019-2020,202506121059301255.pdf,17,Kerala,4280,1728,21541,615,9093,511,99,11,7,12521,15669,4983,71058
2019-2020,202506121059301255.pdf,18,Lakshadweep,0,0,0,0,0,0,0,0,0,0,0,0,0
2019-2020,202506121059301255.pdf,19,Madhya Pradesh,33481,45981,66252,21249,49459,82,81,0,24,658,24104,26980,268351
2019-2020,202506121059301255.pdf,20,Maharashtra,1578,589,9790,511,6387,86,23,0,0,0,3757,1339,24060
2019-2020,202506121059301255.pdf,21,Manipur,1251,3994,6753,418,204,109,51,2,2,1403,2078,1992,18257
2019-2020,202506121059301255.pdf,22,Meghalaya,280,1397,446,101,173,4,6,0,9,69,31,398,2914
2019-2020,202506121059301255.pdf,23,Mizoram,0,4856,2343,26,1373,0,0,0,0,0,156,719,9473
2019-2020,202506121059301255.pdf,24,Nagaland,153,2001,256,194,879,184,0,0,0,0,24,0,3691
2019-2020,202506121059301255.pdf,25,Odisha,702,592,2639,132,967,96,1,5,22,16,1552,1301,8025
2019-2020,202506121059301255.pdf,26,Puducherry,49,2,283,411,338,0,1,0,0,0,160,51,1295
2019-2020,202506121059301255.pdf,27,Punjab,29869,6,38059,4147,13932,327,377,5,0,3,30893,10211,127829
2019-2020,202506121059301255.pdf,28,Rajasthan,219,134,1279,12181,11592,33,20,0,40,0,715,6200,32413
2019-2020,202506121059301255.pdf,29,Sikkim,13,81,400,23,279,0,0,0,0,0,85,47,928
2019-2020,202506121059301255.pdf,30,Tamil Nadu,3923,934,8794,136,5239,82,28,47,6,3,4891,11469,35552
2019-2020,202506121059301255.pdf,31,Telengana,113,33,1550,522,5873,609,0,0,0,0,685,5760,15145
2019-2020,202506121059301255.pdf,32,Tripura,2282,1082,5164,559,242,8,0,0,0,0,2120,2138,13595
2019-2020,202506121059301255.pdf,33,U. T. Chandigarh,89,13,996,124,309,11,26,0,16,0,180,497,2261
2019-2020,202506121059301255.pdf,34,Uttar Pradesh,5463,558,7191,5082,10102,903,3263,96,1486,29,9442,17204,60819
2019-2020,202506121059301255.pdf,35,Uttarakhand,73,15,911,9,1120,9,10,0,0,0,678,193,3018
2019-2020,202506121059301255.pdf,36,West Bengal,3235,1993,11441,819,6940,91,128,14,35,31,16467,762,41956
2022-2023,202506121402395984.pdf,1,Andaman & Nicobar Islands,1,0,45,0,26,1,1,0,0,0,2,58,134
2022-2023,202506121402395984.pdf,2,Andhra Pradesh,253,87,1241,89,1989,29,1,4,339,0,1429,4012,9473
2022-2023,202506121402395984.pdf,3,Arunachal Pradesh,536,1923,1431,13,1582,3,0,0,3,0,43,25,5559
2022-2023,202506121402395984.pdf,4,Assam,1250,2310,4733,720,9556,405,998,2,27,555,2965,14814,38335
2022-2023,202506121402395984.pdf,5,Bihar,12281,1727,21011,8816,37872,206,119,0,1,660,2280,124836,209809
2022-2023,202506121402395984.pdf,6,Chhattisgarh,4362,8960,5959,416,11693,18,24,2,5,0,5253,7414,44106
2022-2023,202506121402395984.pdf,7,Dadra & Nagar Haveli,1,0,18,0,4,0,5,0,0,0,0,0,28
2022-2023,202506121402395984.pdf,8,Daman & Diu,4,2,9,0,6,0,2,0,0,0,1,0,24
2022-2023,202506121402395984.pdf,9,Delhi,1709,40,24106,568,29370,246,2198,5,8,1,12850,25332,96433
2022-2023,202506121402395984.pdf,10,Goa,9,56,898,7,281,61,4,0,0,0,712,13,2041
2022-2023,202506121402395984.pdf,11,Gujarat,2989,1625,9674,498,7882,67,59,6,2,15,6651,2954,32422
2022-2023,202506121402395984.pdf,12,Haryana,819,0,6915,314,30973,125,3,0,0,0,2543,1406,43098
2022-2023,202506121402395984.pdf,13,Himachal Pradesh,551,109,3084,208,650,63,15,1,0,0,877,440,5998
2022-2023,202506121402395984.pdf,14,Jammu & Kashmir,571,362,2630,202,722,324,58,8,0,6,1186,1923,7992
2022-2023,202506121402395984.pdf,15,Jharkhand,13529,15875,24960,6567,9542,440,3528,46,2,83,657,69988,145217
2022-2023,202506121402395984.pdf,16,Karnataka,5981,3559,10291,469,7102,435,235,17,2,0,2469,15103,45663
2022-2023,202506121402395984.pdf,17,Kerala,877,277,11513,1435,3961,239,24,9,17,246,3205,1615,23418
2022-2023,202506121402395984.pdf,18,Lakshadweep,0,0,0,0,0,0,0,0,0,0,0,0,0
2022-2023,202506121402395984.pdf,19,Madhya Pradesh,23789,17704,38843,22379,53796,934,979,183,0,108,12942,20264,191921
2022-2023,202506121402395984.pdf,20,Maharashtra,2602,990,14798,540,8573,211,277,2,255,220,5746,2449,36663
2022-2023,202506121402395984.pdf,21,Manipur,1300,11021,8732,1908,1161,246,139,17,0,218,1290,897,26929
2022-2023,202506121402395984.pdf,22,Meghalaya,22,1250,356,73,916,3,0,3,0,1,83,62,2769
2022-2023,202506121402395984.pdf,23,Mizoram,14,2493,800,0,1147,0,0,0,109,24,95,356,5038
2022-2023,202506121402395984.pdf,24,Nagaland,511,3736,1492,551,620,84,0,0,0,0,396,0,7390
2022-2023,202506121402395984.pdf,25,Odisha,1318,1003,3081,29,4165,57,1,31,0,0,1177,1018,11880
2022-2023,202506121402395984.pdf,26,Puducherry,30,1,216,278,135,9,0,0,0,2,95,22,788
2022-2023,202506121402395984.pdf,27,Punjab,4874,42,14075,354,20213,330,248,31,15,25,10286,5955,56448
2022-2023,202506121402395984.pdf,28,Rajasthan,267,117,1327,7370,3528,24,17,2,0,0,738,82,13472
2022-2023,202506121402395984.pdf,29,Sikkim,25,110,472,19,376,1,0,0,0,0,98,26,1127
2022-2023,202506121402395984.pdf,30,Tamil Nadu,2533,379,11878,272,9501,152,133,31,0,6,7641,17044,49570
2022-2023,202506121402395984.pdf,31,Telengana,138,51,1784,247,5283,0,0,0,0,0,2394,2718,12615
2022-2023,202506121402395984.pdf,32,Tripura,448,563,2379,143,344,1,0,0,0,0,784,393,5055
2022-2023,202506121402395984.pdf,33,U. T. Chandigarh,12,0,1135,149,654,16,0,1,0,0,384,302,2653
2022-2023,202506121402395984.pdf,34,Uttar Pradesh,6764,2,2238,935,7838,6,10,1,0,26,4377,2693,24890
2022-2023,202506121402395984.pdf,35,Uttarakhand,150,20,1266,144,2961,54,10,0,0,0,626,155,5386
2022-2023,202506121402395984.pdf,36,West Bengal,3258,1742,12017,1261,15545,246,95,41,21,6,14239,1243,49714
2022-2023,202506121402395984.pdf,37,Ladakh,18,420,180,12,2,14,32,0,0,17,13,3,711
2023-2024,20250612151392405.pdf,1,Andaman & Nicobar Islands,0,0,42,0,64,8,0,0,0,0,14,92,220
2023-2024,20250612151392405.pdf,2,Andhra Pradesh,318,75,983,61,2220,24,1,1,0,0,1128,3454,8265
2023-2024,20250612151392405.pdf,3,Arunachal Pradesh,628,2006,1453,84,1440,4,17,0,0,0,41,23,5696
2023-2024,20250612151392405.pdf,4,Assam,1254,3098,6168,2366,17711,188,1286,1,2,813,8922,21940,63749
2023-2024,20250612151392405.pdf,5,Bihar,7306,1270,15307,6889,34778,163,429,21,0,549,2575,82126,151413
2023-2024,20250612151392405.pdf,6,Chhattisgarh,6884,12701,9621,544,14601,10,12,1,5,21,8489,9275,62164
2023-2024,20250612151392405.pdf,7,Dadra & Nagar Haveli,2,6,21,0,15,0,11,0,0,0,0,0,55
2023-2024,20250612151392405.pdf,8,Daman & Diu,4,2,14,1,7,0,2,0,0,0,4,0,34
2023-2024,20250612151392405.pdf,9,Delhi,1705,16,22631,2761,24794,342,1538,13,912,32940,12984,21246,121882
2023-2024,20250612151392405.pdf,10,Goa,6,4,790,4,232,38,0,0,0,0,480,4,1558
2023-2024,20250612151392405.pdf,11,Gujarat,3825,2716,11560,565,10184,123,101,0,3,62,7981,3449,40569
2023-2024,20250612151392405.pdf,12,Haryana,1568,0,7818,468,35367,137,7,3,0,26611,3151,1733,76863
2023-2024,20250612151392405.pdf,13,Himachal Pradesh,547,143,3195,90,725,81,0,8,13,553,897,1094,7346
2023-2024,20250612151392405.pdf,14,Jammu & Kashmir,757,398,4082,510,1184,145,1,3,0,32,2759,1525,11396
2023-2024,20250612151392405.pdf,15,Jharkhand,21387,27451,47687,14730,19352,770,5266,664,34,59,2534,129369,269303
2023-2024,20250612151392405.pdf,16,Karnataka,6751,3876,11955,932,8647,340,314,39,2,0,3210,17340,53406
2023-2024,20250612151392405.pdf,17,Kerala,2789,441,15812,3899,5653,225,137,54,85,49,5822,1532,36498
2023-2024,20250612151392405.pdf,18,Lakshadweep,0,0,0,0,0,0,0,0,0,0,0,0,0
2023-2024,20250612151392405.pdf,19,Madhya Pradesh,30163,25563,41291,19955,58171,1444,1110,0,1,5,20759,27048,225510
2023-2024,20250612151392405.pdf,20,Maharashtra,2298,635,17566,964,20687,287,158,52,389,17,5823,4880,53756
2023-2024,20250612151392405.pdf,21,Manipur,751,8585,7621,2487,282,129,17,26,686,38304,2881,866,62635
2023-2024,20250612151392405.pdf,22,Meghalaya,27,716,490,68,865,0,0,0,0,3,81,121,2371
2023-2024,20250612151392405.pdf,23,Mizoram,4,2528,537,62,599,218,0,0,0,0,62,791,4801
2023-2024,20250612151392405.pdf,24,Nagaland,373,2342,557,137,628,56,0,0,0,0,510,0,4603
2023-2024,20250612151392405.pdf,25,Odisha,1375,1073,3264,39,4473,6020,15,100,11,4,1967,948,19289
2023-2024,20250612151392405.pdf,26,Puducherry,26,0,181,256,71,0,1,0,0,0,49,37,621
2023-2024,20250612151392405.pdf,27,Punjab,5287,28,13714,419,24764,243,101,6,1,447,9968,5383,60361
2023-2024,20250612151392405.pdf,28,Rajasthan,333,132,1337,6274,11000,19,36,0,0,0,938,221,20290
2023-2024,20250612151392405.pdf,29,Sikkim,32,118,553,18,218,2,0,0,0,0,127,6,1074
2023-2024,20250612151392405.pdf,30,Tamil Nadu,1881,782,10962,178,8989,135,90,6,11,32,7186,14928,45180
2023-2024,20250612151392405.pdf,31,Telengana,131,66,2066,334,4258,12,0,0,0,0,3198,3128,13193
2023-2024,20250612151392405.pdf,32,Tripura,795,831,3732,286,1115,41,0,38,24,0,1610,1492,9964
2023-2024,20250612151392405.pdf,33,U. T. Chandigarh,15,0,1355,238,418,8,0,1,0,0,692,95,2822
2023-2024,20250612151392405.pdf,34,Uttar Pradesh,2776,83,2487,1654,7328,231,89,251,0,1,4964,9215,29079
2023-2024,20250612151392405.pdf,35,Uttarakhand,626,215,2358,846,14701,47,49,2,0,32,1570,893,21339
2023-2024,20250612151392405.pdf,36,West Bengal,5020,2590,14423,1404,18383,101,111,18,69,7,18516,1712,62354
2023-2024,20250612151392405.pdf,37,Ladakh,29,333,105,3,0,0,0,0,0,0,0,35,505
2020-2021,20250612242265083.pdf,1,Andaman & Nicobar Islands,0,0,14,0,51,0,0,0,0,0,0,0,65
2020-2021,20250612242265083.pdf,2,Andhra Pradesh,56,16,239,7,800,1,0,0,0,0,246,3109,4474
2020-2021,20250612242265083.pdf,3,Arunachal Pradesh,181,787,719,11,175,2,0,0,0,0,23,86,1984
2020-2021,20250612242265083.pdf,4,Assam,86,151,2467,111,2990,1197,820,0,3,0,744,1458,10027
2020-2021,20250612242265083.pdf,5,Bihar,1132,260,3622,535,14826,18,1,0,0,519,1358,16382,38653
2020-2021,20250612242265083.pdf,6,Chhattisgarh,2364,7642,1580,169,4253,457,2,7,0,891,5682,3767,26814
2020-2021,20250612242265083.pdf,7,Dadra & Nagar Haveli,0,1,8,0,1,0,0,0,0,0,0,0,10
2020-2021,20250612242265083.pdf,8,Daman & Diu,0,0,0,0,0,0,0,0,0,0,0,0,0
2020-2021,20250612242265083.pdf,9,Delhi,356,12,10605,853,35100,6535,8,1,0,0,2785,25876,82131
2020-2021,20250612242265083.pdf,10,Goa,2,0,478,1,222,15,0,0,0,0,110,47,875
2020-2021,20250612242265083.pdf,11,Gujarat,545,326,2588,162,2437,110,35,0,0,114,1000,985,8302
2020-2021,20250612242265083.pdf,12,Haryana,265,0,3253,133,4608,24,0,0,0,680,1188,908,11059
2020-2021,20250612242265083.pdf,13,Himachal Pradesh,165,15,1111,27,235,14,0,0,0,0,286,230,2083
2020-2021,20250612242265083.pdf,14,Jammu & Kashmir,384,153,1951,393,323,86,24,3,0,1111,1845,1402,7675
2020-2021,20250612242265083.pdf,15,Jharkhand,4964,4324,8132,2118,4954,128,35259,18,202,31597,2584,37411,131691
2020-2021,20250612242265083.pdf,16,Karnataka,4121,2684,4369,205,2428,19,32,5,0,0,1066,8282,23211
2020-2021,20250612242265083.pdf,17,Kerala,529,182,4240,338,2563,57,54,8,29,20,2415,807,11242
2020-2021,20250612242265083.pdf,18,Lakshadweep,0,0,0,0,0,0,0,0,0,0,0,0,0
2020-2021,20250612242265083.pdf,19,Madhya Pradesh,9471,9861,17950,5448,26331,164,22,5,53,848,6445,11245,87843
2020-2021,20250612242265083.pdf,20,Maharashtra,1127,543,4640,147,2572,70,19,1,0,0,2528,631,12278
2020-2021,20250612242265083.pdf,21,Manipur,1265,6575,4805,927,181,188,195,63,136,37957,1385,2958,56635
2020-2021,20250612242265083.pdf,22,Meghalaya,125,1038,273,25,587,1,0,0,0,0,37,45,2131
2020-2021,20250612242265083.pdf,23,Mizoram,16,854,288,2,470,0,0,0,0,0,0,40,1670
2020-2021,20250612242265083.pdf,24,Nagaland,290,2036,647,207,534,127,0,0,1,180,209,0,4231
2020-2021,20250612242265083.pdf,25,Odisha,662,414,1689,23,1708,32,36,14,11,0,656,784,6029
2020-2021,20250612242265083.pdf,26,Puducherry,11,0,74,70,112,1,0,0,0,0,33,8,309
2020-2021,20250612242265083.pdf,27,Punjab,2508,5,6428,207,7034,43,15,3,0,550,3932,6371,27096
2020-2021,20250612242265083.pdf,28,Rajasthan,98,46,519,5540,5504,5,0,0,0,2,299,261,12274
2020-2021,20250612242265083.pdf,29,Sikkim,11,62,316,21,193,1,0,0,0,0,46,52,702
2020-2021,20250612242265083.pdf,30,Tamil Nadu,864,248,4452,163,9470,371,23,9,3,0,3044,7844,26491
2020-2021,20250612242265083.pdf,31,Telengana,49,13,646,9,1737,4,0,0,0,0,362,668,3488
2020-2021,20250612242265083.pdf,32,Tripura,176,158,1085,34,125,7,0,0,0,0,248,323,2156
2020-2021,20250612242265083.pdf,33,U. T. Chandigarh,14,0,530,121,225,8,0,0,0,0,175,169,1242
2020-2021,20250612242265083.pdf,34,Uttar Pradesh,343,5,620,107,1027,12,3,10,103,11,303,1001,3545
2020-2021,20250612242265083.pdf,35,Uttarakhand,69,49,722,8,1150,23,1,2,0,0,250,69,2343
2020-2021,20250612242265083.pdf,36,West Bengal,1083,599,4594,368,6999,397,50,16,13,9,6271,507,20906
2020-2021,20250612242265083.pdf,37,Ladakh,3,5,0,0,0,0,0,0,0,0,40,45,93
2018-2019,20250612785003768.pdf,1,Andaman & Nicobar Islands,0,0,22,0,27,2,0,0,0,0,0,0,51
2018-2019,20250612785003768.pdf,2,Andhra Pradesh,177,84,918,51,1038,157,0,0,59,2,936,1123,4545
2018-2019,20250612785003768.pdf,3,Arunachal Pradesh,324,1527,1028,186,497,0,0,0,0,25,129,36,3752
2018-2019,20250612785003768.pdf,4,Assam,88,142,1523,72,2199,30,1,0,1,0,925,3869,8850
2018-2019,20250612785003768.pdf,5,Bihar,14573,629,15800,2804,12675,53,81,0,15,8,1442,30193,78273
2018-2019,20250612785003768.pdf,6,Chhattisgarh,7398,10141,5603,2457,14689,0,0,0,0,25,6831,20174,67318
2018-2019,20250612785003768.pdf,7,Dadra & Nagar Haveli,1,2,14,0,4,0,2,0,0,0,4,1,28
2018-2019,20250612785003768.pdf,8,Daman & Diu,0,0,0,0,0,0,0,0,0,0,0,0,0
2018-2019,20250612785003768.pdf,9,Delhi,1008,23,17111,1688,18878,173,2,0,0,0,6620,7512,53015
2018-2019,20250612785003768.pdf,10,Goa,14,3,710,10,269,8,0,0,10,1,299,288,1612
2018-2019,20250612785003768.pdf,11,Gujarat,1402,944,5019,736,4066,83,56,0,0,0,3686,5549,21541
2018-2019,20250612785003768.pdf,12,Haryana,981,8,5914,717,7512,75,5,0,0,3,2876,2235,20326
2018-2019,20250612785003768.pdf,13,Himachal Pradesh,550,62,2206,51,995,35,2,0,0,0,587,354,4842
2018-2019,20250612785003768.pdf,14,Jammu & Kashmir,579,308,903,59,154,52,1,0,0,0,1349,617,4022
2018-2019,20250612785003768.pdf,15,Jharkhand,4814,40974,20265,339,3730,188,517,5,2,371,2049,7386,80640
2018-2019,20250612785003768.pdf,16,Karnataka,7214,4304,13330,679,8418,106,35,30,50,70,6867,31518,72621
2018-2019,20250612785003768.pdf,17,Kerala,5078,2322,33327,1362,13993,989,331,7,411,445607,24685,5147,533259
2018-2019,20250612785003768.pdf,18,Lakshadweep,0,0,0,0,0,0,0,0,0,0,0,0,0
2018-2019,20250612785003768.pdf,19,Madhya Pradesh,22022,22011,45748,26756,36603,1346,3569,0,0,155,19129,21790,199129
2018-2019,20250612785003768.pdf,20,Maharashtra,952,475,9388,1072,5548,249,84,0,0,1,2613,883,21265
2018-2019,20250612785003768.pdf,21,Manipur,1122,5670,6498,1834,136,295,270,164,32,129,1353,2117,19620
2018-2019,20250612785003768.pdf,22,Meghalaya,280,1768,649,244,229,4,0,0,0,35,29,0,3238
2018-2019,20250612785003768.pdf,23,Mizoram,2,7813,2711,182,879,30,0,0,0,0,132,967,12716
2018-2019,20250612785003768.pdf,24,Nagaland,405,31068,877,3417,1319,928,0,0,0,344,0,0,38358
2018-2019,20250612785003768.pdf,25,Odisha,958,621,3590,71,1104,49,10,0,10,428,1687,1167,9695
2018-2019,20250612785003768.pdf,26,Puducherry,57,8,324,526,87,2,1,0,0,0,256,38,1299
2018-2019,20250612785003768.pdf,27,Punjab,6842,436,10170,1021,7996,517,55,2,0,0,7453,1639,36131
2018-2019,20250612785003768.pdf,28,Rajasthan,1332,568,2888,1278,4375,266,182,0,0,0,763,2580,14232
2018-2019,20250612785003768.pdf,29,Sikkim,28,117,384,33,238,0,0,0,0,0,111,49,960
2018-2019,20250612785003768.pdf,30,Tamil Nadu,3712,680,10180,303,3055,75,19,12,0,53,5843,16903,40835
2018-2019,20250612785003768.pdf,31,Telengana,322,123,2100,3805,5863,210,0,0,0,0,1141,4832,18396
2018-2019,20250612785003768.pdf,32,Tripura,2705,1758,5675,783,361,3,0,1,0,14,2227,1562,15089
2018-2019,20250612785003768.pdf,33,U. T. Chandigarh,105,0,1817,292,482,13,1,1,0,0,866,191,3768
2018-2019,20250612785003768.pdf,34,Uttar Pradesh,8003,835,11370,10012,12523,1192,5281,111,73,809,12713,13930,76852
2018-2019,20250612785003768.pdf,35,Uttarakhand,110,13,810,24,1045,11,2,2,1,4,407,274,2703
2018-2019,20250612785003768.pdf,36,West Bengal,3586,1823,8917,541,5713,133,119,13,28,47,14191,1124,36235
2021-2022,20250612891186821.pdf,1,Andaman & Nicobar Islands,0,0,22,0,22,0,7,0,0,0,2,26,79
2021-2022,20250612891186821.pdf,2,Andhra Pradesh,133,43,725,26,1692,14,1,1,3,0,684,3049,6371
2021-2022,20250612891186821.pdf,3,Arunachal Pradesh,242,821,740,114,676,0,0,0,1,10,28,25,2657
2021-2022,20250612891186821.pdf,4,Assam,7822,14017,10352,2478,6761,2033,1961,0,71,7359,23381,34019,110254
2021-2022,20250612891186821.pdf,5,Bihar,15335,517,18372,7525,30190,584,500,68,0,4018,63666,1548383,1689158
2021-2022,20250612891186821.pdf,6,Chhattisgarh,3753,8459,6821,663,9309,18,177,0,0,256,4902,8036,42394
2021-2022,20250612891186821.pdf,7,Dadra & Nagar Haveli,1,2,12,0,8,0,1,0,0,0,0,3,27
2021-2022,20250612891186821.pdf,8,Daman & Diu,1,0,13,0,2,0,1,0,0,0,0,0,17
2021-2022,20250612891186821.pdf,9,Delhi,723,7,16496,2857,28435,92,428,1,1,0,7366,22649,79055
2021-2022,20250612891186821.pdf,10,Goa,3,3,495,4,219,48,18,0,0,0,309,2,1101
2021-2022,20250612891186821.pdf,11,Gujarat,1354,773,6074,259,6720,221,69,0,1,0,3755,2727,21953
2021-2022,20250612891186821.pdf,12,Haryana,730,0,5516,206,12789,53,8,4,0,0,2420,1534,23260
2021-2022,20250612891186821.pdf,13,Himachal Pradesh,351,69,2510,63,387,49,57,1,0,3,772,544,4806
2021-2022,20250612891186821.pdf,14,Jammu & Kashmir,211,331,2474,119,503,664,236,15,0,12,2100,2205,8870
2021-2022,20250612891186821.pdf,15,Jharkhand,15346,28628,63113,11570,11039,1154,6281,110,5000,2375,46194,458671,649481
2021-2022,20250612891186821.pdf,16,Karnataka,5835,5767,5975,315,3313,84,34,6,0,0,1200,10265,32794
2021-2022,20250612891186821.pdf,17,Kerala,1037,253,7261,643,3681,116,59,13,4,15,3130,683,16895
2021-2022,20250612891186821.pdf,18,Lakshadweep,0,0,0,0,0,0,0,0,0,0,0,0,0
2021-2022,20250612891186821.pdf,19,Madhya Pradesh,819053,1096264,316946,137320,55307,291,29,10,0,508,480489,437583,3343800
2021-2022,20250612891186821.pdf,20,Maharashtra,1656,785,9366,359,4507,108,21,2,5,25,4105,1656,22595
2021-2022,20250612891186821.pdf,21,Manipur,1558,7212,6648,1174,556,195,118,20,43,2622,1201,1304,22651
2021-2022,20250612891186821.pdf,22,Meghalaya,21,698,447,204,777,15,0,67,5,2,59,51,2346
2021-2022,20250612891186821.pdf,23,Mizoram,104,1700,414,43,832,0,0,0,0,0,17,91,3201
2021-2022,20250612891186821.pdf,24,Nagaland,471,3934,1763,649,352,163,0,0,0,6,396,16,7750
2021-2022,20250612891186821.pdf,25,Odisha,1187,1095,2299,23,2293,138,12,16,3,0,1127,656,8849
2021-2022,20250612891186821.pdf,26,Puducherry,30,3,161,135,343,0,0,130,0,0,61,21,884
2021-2022,20250612891186821.pdf,27,Punjab,2429,7,8184,254,14717,236,41,1,0,0,5976,4559,36404
2021-2022,20250612891186821.pdf,28,Rajasthan,144,51,897,5070,6770,13,0,0,0,0,472,416,13833
2021-2022,20250612891186821.pdf,29,Sikkim,29,100,425,26,280,1,0,0,0,0,67,58,986
2021-2022,20250612891186821.pdf,30,Tamil Nadu,1281,299,7279,270,12183,124,35,42,1,40,5887,10740,38181
2021-2022,20250612891186821.pdf,31,Telengana,89,33,1244,46,1997,2,0,0,0,0,1426,1875,6712
2021-2022,20250612891186821.pdf,32,Tripura,246,154,1490,36,228,3,0,0,0,0,390,124,2671
2021-2022,20250612891186821.pdf,33,U. T. Chandigarh,17,0,744,131,473,8,0,0,0,0,326,82,1781
2021-2022,20250612891186821.pdf,34,Uttar Pradesh,5983,6,27452,98,8110,91,169,0,3,3,4675,86039,132629
2021-2022,20250612891186821.pdf,35,Uttarakhand,142,22,1060,37,1845,25,12,0,0,38,471,123,3775
2021-2022,20250612891186821.pdf,36,West Bengal,2066,693,7093,1128,9349,212,45,13,15,2,7933,466,29015
2021-2022,20250612891186821.pdf,37,Ladakh,48,1479,325,43,0,0,0,0,0,0,0,513,2408
2024-2025,20250612914784169.pdf,1,Andaman & Nicobar Islands,0,0,120,20,3,1,42,0,0,0,28,127,341
2024-2025,20250612914784169.pdf,2,Andhra Pradesh,234,47,1162,107,3289,8,1,3,0,0,1437,4978,11266
2024-2025,20250612914784169.pdf,3,Arunachal Pradesh,1658,3946,1979,237,1330,8,30,2,1,0,33,12,9236
2024-2025,20250612914784169.pdf,4,Assam,1536,6183,9000,3130,25489,276,1464,122,2,8,12126,23358,82694
2024-2025,20250612914784169.pdf,5,Bihar,4673,1399,10374,6550,31677,162,585,48,0,618,2647,25772,84505
2024-2025,20250612914784169.pdf,6,Chhattisgarh,10815,14336,12068,607,21610,109,0,6,0,4,11868,9451,80874
2024-2025,20250612914784169.pdf,7,Dadra & Nagar Haveli,1,4,28,0,7,0,5,0,0,0,0,0,45
2024-2025,20250612914784169.pdf,8,Daman & Diu,10,10,39,4,24,3,12,1,1,1,14,0,119
2024-2025,20250612914784169.pdf,9,Delhi,1652,163,19060,2942,18630,336,955,7,510,0,10869,21402,76526
2024-2025,20250612914784169.pdf,10,Goa,17,20,892,14,314,15,0,0,0,0,569,48,1889
2024-2025,20250612914784169.pdf,11,Gujarat,3882,8271,12828,1404,10862,173,83,0,0,8,7999,4957,50467
2024-2025,20250612914784169.pdf,12,Haryana,1689,0,7766,572,66229,65,7,2,0,0,3936,1928,82194
2024-2025,20250612914784169.pdf,13,Himachal Pradesh,545,88,3159,112,703,86,8,1,0,3,835,682,6222
2024-2025,20250612914784169.pdf,14,Jammu & Kashmir,1269,573,5592,1730,1299,705,1,5,1,40,6159,1228,18602
2024-2025,20250612914784169.pdf,15,Jharkhand,41537,42987,72003,30572,33281,3560,3703,194,78,173,5741,94536,328365
2024-2025,20250612914784169.pdf,16,Karnataka,6051,3329,12167,790,8972,254,191,32,9,9,7659,11782,51245
2024-2025,20250612914784169.pdf,17,Kerala,1362,724,12741,2330,3473,176,85,31,73,37,3794,1745,26571
2024-2025,20250612914784169.pdf,18,Lakshadweep,0,1,0,0,0,0,0,0,0,0,0,0,1
2024-2025,20250612914784169.pdf,19,Madhya Pradesh,22764,23211,35058,18240,93264,669,2908,0,0,241,15748,20906,233009
2024-2025,20250612914784169.pdf,20,Maharashtra,3351,1620,20167,1230,20535,374,240,21,2,36,6248,5630,59454
2024-2025,20250612914784169.pdf,21,Manipur,346,6989,7697,1504,498,159,48,19,0,78868,2433,501,99062
2024-2025,20250612914784169.pdf,22,Meghalaya,20,710,544,86,877,1,0,11,6,0,233,266,2754
2024-2025,20250612914784169.pdf,23,Mizoram,26,2145,696,20,676,0,0,0,0,0,0,150,3713
2024-2025,20250612914784169.pdf,24,Nagaland,608,2365,604,432,499,52,0,0,0,0,452,0,5012
2024-2025,20250612914784169.pdf,25,Odisha,1609,1111,3957,221,11536,179,5,40,7,468,2027,974,22134
2024-2025,20250612914784169.pdf,26,Puducherry,31,0,155,240,100,0,0,0,0,0,53,37,616
2024-2025,20250612914784169.pdf,27,Punjab,5516,2,14762,526,33615,86,38,0,0,0,9879,1089,65513
2024-2025,20250612914784169.pdf,28,Rajasthan,333,103,1812,5755,13064,27,2,1,0,0,1109,10,22216
2024-2025,20250612914784169.pdf,29,Sikkim,18,118,464,25,167,1,0,0,0,0,103,5,901
2024-2025,20250612914784169.pdf,30,Tamil Nadu,2214,357,12479,323,12088,201,197,15,0,59,11110,13485,52528
2024-2025,20250612914784169.pdf,31,Telengana,323,189,2586,158,5635,31,0,0,0,0,3053,4046,16021
2024-2025,20250612914784169.pdf,32,Tripura,829,621,3348,192,1588,61,36,115,0,1460,1244,809,10303
2024-2025,20250612914784169.pdf,33,U. T. Chandigarh,30,0,1330,106,780,7,0,0,0,0,667,31,2951
2024-2025,20250612914784169.pdf,34,Uttar Pradesh,1799,5,2091,616,6979,176,32,107,0,0,5315,5612,22732
2024-2025,20250612914784169.pdf,35,Uttarakhand,1974,704,4174,2332,19420,204,378,8,47,8,2922,2037,34208
2024-2025,20250612914784169.pdf,36,West Bengal,10680,6029,23057,4394,24398,148,1722,53,56,124,19523,2730,92914
2024-2025,20250612914784169.pdf,37,Ladakh,0,80,192,9,43,0,0,0,0,0,0,0,324
2025-2026,202607161242945433.pdf,1,Andaman & Nicobar Islands,0,0,141,38,53,6,42,0,3,0,36,125,444
2025-2026,202607161242945433.pdf,2,Andhra Pradesh,351,96,1969,205,3728,31,0,0,0,0,2487,4492,13359
2025-2026,202607161242945433.pdf,3,Arunachal Pradesh,1562,3423,2016,174,1053,43,115,0,1,6,53,775,9221
2025-2026,202607161242945433.pdf,4,Assam,3085,5417,10645,5295,28004,105,3406,61,50,50,13911,29992,100021
2025-2026,202607161242945433.pdf,5,Bihar,2740,1099,10354,8715,31326,266,850,36,0,957,2945,17073,76361
2025-2026,202607161242945433.pdf,6,Chhattisgarh,15299,15442,14140,1082,22786,29,0,0,0,1,11786,13317,93882
2025-2026,202607161242945433.pdf,7,Dadra & Nagar Haveli,0,7,63,0,9,0,4,0,0,0,0,0,83
2025-2026,202607161242945433.pdf,8,Daman & Diu,7,4,64,3,18,0,30,0,0,0,25,13,164
2025-2026,202607161242945433.pdf,9,Delhi,1709,66,19698,3443,19886,368,305,8,2,0,9467,17602,72554
2025-2026,202607161242945433.pdf,10,Goa,23,38,2501,7,297,17,0,0,0,0,1088,312,4283
2025-2026,202607161242945433.pdf,11,Gujarat,7809,17685,22593,15485,16824,679,254,56,0,29,13994,19244,114652
2025-2026,202607161242945433.pdf,12,Haryana,1819,2,10505,835,113459,205,54,2,0,0,5772,3122,135775
2025-2026,202607161242945433.pdf,13,Himachal Pradesh,628,101,3131,113,785,91,18,0,233,43,952,417,6512
2025-2026,202607161242945433.pdf,14,Jammu & Kashmir,1712,2030,5182,2775,3165,1029,9,3,0,620,8201,1604,26330
2025-2026,202607161242945433.pdf,15,Jharkhand,49418,53577,121543,49663,33731,3827,3747,118,62,1,11485,116585,443757
2025-2026,202607161242945433.pdf,16,Karnataka,6752,3846,15644,1018,12871,167,188,83,2,5,8493,16450,65519
2025-2026,202607161242945433.pdf,17,Kerala,1464,564,16471,1501,6684,151,311,8,6,0,5140,3868,36168
2025-2026,202607161242945433.pdf,18,Lakshadweep,5,9,0,0,0,0,0,0,0,0,0,0,14
2025-2026,202607161242945433.pdf,19,Madhya Pradesh,17587,18706,44609,20900,84331,360,2341,2,5,2,17399,24859,231101
2025-2026,202607161242945433.pdf,20,Maharashtra,3340,1105,20346,2736,20322,1220,270,29,74,101,7915,7607,65065
2025-2026,202607161242945433.pdf,21,Manipur,390,6589,8937,2082,1016,240,174,39,0,51190,2162,2329,75148
2025-2026,202607161242945433.pdf,22,Meghalaya,26,1880,667,308,652,1,0,0,0,5,167,1203,4909
2025-2026,202607161242945433.pdf,23,Mizoram,2,3026,1160,78,84,1,0,0,15,0,35,388,4789
2025-2026,202607161242945433.pdf,24,Nagaland,1757,3296,1813,2002,680,532,0,0,11,8,1252,0,11351
2025-2026,202607161242945433.pdf,25,Odisha,1500,1123,4032,362,7844,135,10,12,21,25,1910,775,17749
2025-2026,202607161242945433.pdf,26,Puducherry,29,0,159,145,130,0,0,0,0,0,50,23,536
2025-2026,202607161242945433.pdf,27,Punjab,8360,6,16704,645,42114,1062,101,6,0,0,13502,2628,85128
2025-2026,202607161242945433.pdf,28,Rajasthan,564,158,2871,6528,16135,58,5,0,0,0,2729,133,29181
2025-2026,202607161242945433.pdf,29,Sikkim,29,113,619,25,167,7,0,0,0,0,169,14,1143
2025-2026,202607161242945433.pdf,30,Tamil Nadu,2005,425,12619,551,13828,200,71,26,3,2,12578,13666,55974
2025-2026,202607161242945433.pdf,31,Telengana,572,457,2864,626,8183,31,0,0,0,0,3303,5068,21104
2025-2026,202607161242945433.pdf,32,Tripura,1005,898,3195,214,1453,42,0,36,0,0,1057,2282,10182
2025-2026,202607161242945433.pdf,33,U. T. Chandigarh,9,8,1455,126,727,7,0,0,0,0,1005,34,3371
2025-2026,202607161242945433.pdf,34,Uttar Pradesh,2325,313,3712,1793,9776,797,289,486,0,0,5165,7092,31748
2025-2026,202607161242945433.pdf,35,Uttarakhand,2553,1178,7493,4618,24724,1722,739,6,0,0,4700,4326,52059
2025-2026,202607161242945433.pdf,36,West Bengal,10884,5137,24765,3905,30895,1851,597,55,65,52,23415,6263,107884
2025-2026,202607161242945433.pdf,37,Ladakh,0,108,115,0,32,0,0,0,0,0,0,0,255
